SMILES,label
Cn1nc(C(=O)Nc2cnc(-c3ccccc3)nc2)ccc1=O,1
O=C(Nc1nncs1)c1cc(-c2ccccc2)on1,1
N#Cc1ccc(N2CCCN(c3ncccn3)CC2)cc1C(F)(F)F,0
CCNC(=O)CNC(=O)Nc1ccc2sc(C(=O)OCC)cc2c1,1
CN(C)c1ccc(-c2cn3ccc(CO)cc3n2)cc1,0
CC(=O)Nc1ccccc1CNC(=O)CC1(O)CCCCC1,1
Cc1ccc(C(=O)N(Cc2ccsc2)Cc2ccco2)cc1C,1
O=C(Cn1c(=O)oc2ccccc21)N1CCC(O)(C(F)(F)F)C1,1
Nc1c(-c2cc(F)ccc2F)nc2c(CO)cccn12,1
O=C(NCc1ccccn1)C1CC(=O)N(c2ccc3c(c2)OCO3)C1,1
O=C1CC(NC(=O)CCC(=O)c2ccc(Cl)cc2)CN1,1
CN(CC(O)C1CC1)C(=O)c1coc(-c2ccccc2)n1,1
O=C(NC1(CO)CCCC1)c1cc(F)cc(Br)c1,0
Cn1nnc2cc(C(=O)Nc3cccc(Cl)c3)ccc21,1
O=C(CCc1ccccc1Cl)OCCN1CCCC1=O,1
O=C(Nc1cc(-c2ccncc2)n[nH]1)c1cc(Cl)ccc1Cl,1
Cc1ccc(NC(=O)NCC(=O)NC(C)C)c(Br)c1,1
Cc1cc(CNC(=O)NCC(O)c2cccc(F)c2)no1,1
CCS(=O)(=O)NC(CC(=O)OC)c1ccc(C)cc1,1
COC(=O)c1c(C)ccc(F)c1NC(=O)COc1ccccc1OC,1
O=C(NCC1CCCO1)c1nnsc1-c1ccc(Cl)cc1,0
O=C1COc2cc(C(=O)c3ccco3)c(Cl)cc2N1,1
CC(OC(=O)c1ccco1)c1nc2ccccc2s1,1
O=S(=O)(Cc1ccccc1F)Nc1ccccc1,0
O=C(CN1C(=O)COc2ccccc21)Nc1cccc(-n2cccc2)c1,1
CN(CCNC(=O)NCC1CN2CCCCC2CO1)c1ccccc1,0
CC(C)=CC1C(C(=O)NCc2cccc(C(N)=O)c2)C1(C)C,1
COc1cccc(C(=O)Nc2nnc(-c3ccc(F)cc3F)o2)c1,1
Cn1cc(SCc2ccccc2C#CCO)cn1,1
O=C(Nc1cc(N2CCCS2(=O)=O)ccc1F)c1cc[nH]n1,0
Cc1ccc2c(c1)N(C)C(=O)C(C)(C(=O)N1CCOCC1)O2,1
COc1ccc(Cc2nc(C)c(C(C)=O)o2)cc1F,0
O=C(Nc1ccc2c(c1)OCCO2)c1cccc(NC(=O)C2CC2)c1,0
Cc1cc(C)n(Cc2cc(-c3ccccc3)on2)n1,1
COc1cc(Cl)c(C)cc1N1CCC(=O)CC1,1
COCC(C)NC(=O)c1c(C)nn(-c2ccccc2)c1C,1
COc1ccc2c(c1)OC1C2=COc2cc(OC)ccc21,1
CCOCCCNC(=O)c1nnn(-c2ccc3ncccc3c2)c1C,0
COC1CCN(C(=O)NCC#Cc2ccccc2)CC1,1
C=CCN(CC(F)(F)F)C(=O)c1ccc(-n2ccnn2)cc1,0
Cc1ccc(N)c2c(Br)cnc(NCC(C)O)c12,1
Cn1nc(-c2ccccc2)cc1C(=O)NCC#Cc1ccc(F)cc1,1
CC(=O)Nc1ccc(S(=O)(=O)NCc2cn[nH]c2)cc1,1
COC(=O)c1cc(C)nc2c(OC)ccc(OC)c12,1
CCNc1cc(S(=O)(=O)N2CCCCCC2)ccc1OC,1
CCN1CC(C(=O)N2CCCc3cc(C)ccc32)CC1=O,0
CNS(=O)(=O)c1ccc(C(=O)N(C)CCOc2ccccc2)o1,1
O=C(CNC1=NS(=O)(=O)c2ccccc21)NCc1ccncc1,1
COc1ccc(Cc2nc3scc(C(C)C)c3c(=O)[nH]2)cc1OC,1
C=CCNC(=O)C(C)Nc1ccc(NC(=O)C(C)C)cc1,0
Cc1ccc(C(=O)N(C)C2Cc3ccccc3C2)c(=O)[nH]1,0
Cc1ccc(N)c2nnc(CCCOc3ccccc3)n12,0
Cn1cc(COC(=O)C2CCCCN2C(=O)OC(C)(C)C)cn1,1
CC(C)(CNC(=O)NC1CCCC1(C)C)c1ccncc1,1
CCNC(=O)CCc1nc(-c2ccc(C)n(C(C)C)c2=O)no1,1
CCCc1c(OC)nc2ccc(Cl)cn2c1=O,1
CCCN1CCN(S(=O)(=O)c2cn[nH]c2)CC1,1
Cc1cc(NC(=O)C2CC(=O)N(C(C)C)C2)[nH]n1,1
CC(=O)c1c(C)[nH]c(C(=O)N(C)Cc2cccnc2)c1C,1
CC1CN(C(=O)Cn2cc(NCc3cccnc3)cn2)CC(C)O1,1
CCCn1ncc(C(=O)NCc2noc(C)n2)c1C,1
Cc1nc(C)c(CC(=O)NC2CCCCC2)s1,1
O=C(c1ccsc1)N1CCC2COC(CNc3ncccn3)C2C1,1
CC(=O)N1C(Cn2cccn2)CC2CN(C(=O)C3CC3)CCC21,1
CCCCCCNC(=O)c1snc(-c2cccnc2)c1N,1
CC(C)n1cnnc1CCNC(=O)c1cn(CC2CCCO2)nn1,1
O=C(CC1CCCCC1)N(CCO)C1CCCC1,1
COCCn1cc(NC(=O)c2nc3nc(C)cc(C)n3n2)cn1,1
O=C(NC1CCN(C(=O)c2cc3cccnn3n2)C1)c1cccs1,1
CCCNC(=O)CCNC(=O)N1CCN(c2nccs2)CC1,1
O=C(Nc1cc2c(oc1=O)CCCC2=O)c1ccco1,1
CCC(C)C(=O)CSc1nnc(N2CCOCC2)n1C,1
N#CCC1CCCc2c1c(C1CC1)nn2C1CCCCC1,1
CCCC1CCCN(C(=O)c2c(C)c(C)n[nH]c2=O)CC1,1
COc1ccc(C(=O)N(C)C2CCCCC2C)cn1,0
CCNC(=O)Nc1ccc(OCC(=O)NC(C)c2cccs2)nc1,1
Cc1csc(C(C)NC(=O)N2CCOCC2C2CC2)n1,0
c1csc(-c2nc(N3CCCC3)ncc2-c2cnccn2)c1,1
CN(CCC1CC1)C(=O)c1cccc(OCC(F)F)n1,1
CCc1n[nH]c(SC(C)C(=O)NCCOC)n1,1
CCN1CCN(C(=O)c2csc(C)c2C)CC1,1
Cn1nc(C(=O)N2CCOCC2)cc1NC(=O)c1cccs1,1
CCOC(=O)CN(C1CC1)S(=O)(=O)N1CC(C)CC(C)C1,1
CCCC(C)NC(=O)NCCNc1cnccn1,1
CC(C#N)Sc1nc(C(C)(C)C)nc2c1c(=O)n(C)c(=O)n2C,1
Cc1csc(N2CCCN(Cc3csc(C)n3)CC2)n1,0
CCn1nc(C(=O)N2CCC(C(O)CC(C)C)CC2)cc1C,1
CCN(Cc1ccco1)C(=O)NCc1ccnc(C)n1,1
Cc1nn(C)c2nc(C(C)C)cc(C(=O)N3CCOCC3)c12,1
Cc1cccnc1CN1CCN(C(=O)c2cc(Cl)c[nH]c2=O)CC1,1
CC(C)c1noc(CN2CCN(C(=O)N3CCCCC3)CC2)n1,0
CNc1cc(C(=O)N2CCC(C(=O)N3CCCC3)CC2)ccn1,1
CC(C)(C)c1nn(CCC(N)=O)c2c1C(=O)CCC2,1
CCCC1CCC(NC(=O)CCc2nc(-c3ccncc3)no2)CC1,1
CCCN(Cc1nnc(-c2ccco2)o1)C(=O)c1cnn(C)c1,1
CC1CCCCN1c1nc2nccc(-c3ccco3)c2c(=O)[nH]1,1
Cc1nc(-c2cc(C)n(CC(=O)N=c3sccn3C)c2C)cs1,0
CC(C)CC(NC(N)=O)C(=O)NC1CCC(C)CC1,1
O=C(NC1CCN(C(=O)c2cnc3ccsc3c2)C1)c1ccco1,0
CCCCn1nccc1NC(=O)C1(C)CC1(Cl)Cl,1
Cc1ccc(-c2ccnc(N3CCOC(C(F)(F)F)C3)n2)c(C)n1,1
Cc1cc(C)c(CNC(=O)NCCC2CCCO2)c(=O)[nH]1,1
COCc1noc(-c2cc3n(n2)CCCC3O)n1,1
Cn1nccc1C(=O)NCC(=O)Nc1nccs1,1
CC1(C)CCC(CNC(=O)C2CCN(C(=O)N3CCCC3)CC2)CC1,1
CC(C)CN1C(=O)CCC2CN(C(=O)CCc3cnccn3)CCC21,1
O=C(c1cnc2ccccn2c1=O)N1CCCCC1Cn1cccn1,1
N#Cc1cnn2c(C(F)(F)F)cc(-c3cccnc3)nc12,1
Cc1cc(N)nc(SCC(=O)Nc2nccs2)n1,0
CCCc1c(C(=O)NCc2ccco2)[nH]c(C)c1C(=O)OC,1
COCCC1(CO)CCCN(C(=O)Cc2c(C)n[nH]c2C)C1,1
COCC(=O)N(CCc1cscn1)Cc1ccncc1,1
CN(CC(=O)NC1CCC(O)CC1)c1ncccn1,1
c1cc2nnc(C3CCC3)n2nc1NCC1CCCO1,1
Nn1ccc2nc3ccn(C4CCCCCC4)c(=O)c3cc2c1=O,1
CCC(CC1CCCC1)C(=O)NCc1nnc2ccccn12,0
CCCN(C)C(=O)c1cc(CN2CCOCC2)on1,1
Cc1cc(NC(=O)NCCc2cnn(C)c2)n(C)n1,1
O=C(NCCCn1cccn1)c1cccnc1N1CCCC1,1
Cc1cc(C(=O)NCc2ccc(C)o2)nc(N2CCCCCC2)n1,1
O=c1c2sccc2ncn1CC1(O)CCCCC1,0
CCc1noc(CC)c1CNC(=O)NCc1ncc(C)s1,1
COc1cc(C(=O)Nc2nc(C)c(C(=O)N(C)C)s2)on1,1
NC(=O)Cn1c(SCC(=O)NC2CC2)nnc1C1CC1,1
CN(C)C(=O)C1(C)CCCN(C(=O)c2cnn(C)c2)C1,1
CCn1cc(Cl)cc1C(=O)NCc1c[nH]nc1C,0
Cc1cc2sc(NC(=O)N(C)C(C)c3cccnc3)nc2s1,1
Cc1noc(-c2cccs2)c1C(=O)NCc1cccnc1,1
COC(=O)C(C)(NCc1cn2c(C)cc(C)nc2n1)C1CC1,0
CN(C)C(=O)c1ccc(CN2C(=O)COc3cccnc32)o1,1
CC(C)(C)OC(=O)N1CCC(C2CCCC(CO)C2)CC1,1
CC1(C)C(=O)NCCN1Cc1cnc(-c2cccnc2)s1,1
Cc1nn(C)cc1CN(C)S(=O)(=O)c1cnn(C(F)F)c1C,1
COCCN1CCN(C(=O)COC2CCCC(C)C2)CC1=O,1
Cc1cc(NC(=O)CCc2nc(-c3ccco3)no2)[nH]n1,1
Cc1noc(C)c1CC(=O)NCC(=O)Nc1nccs1,1
CC(C)C(=O)NCCNC(=O)N1CCCCC1C,0
CS(=O)(=O)N1CCC(CN2CCOCC2)CC1,1
CN(CC1CCCC1)C(=O)Nc1nc(C2CC2)cs1,0
CN(Cc1ccco1)C(=O)Nc1ccc(=O)n(C)c1,0
Cc1cc(C)c(NC(=O)c2ccc(OCC(F)F)nc2)c(C)n1,1
Cc1cnn(CC2CN(CC(=O)N(C)Cc3ccc(C)o3)CCO2)c1,1
CCCCS(=O)(=O)NCC(=O)Nc1cc(C)n(C)n1,1
COc1cc(C)nc(N2CCN(C(=O)C3CCC(=O)NC3)CC2)n1,1
CC(C)Nc1nc(-c2cnc(C3CC3)s2)cs1,1
CCCCS(=O)(=O)NCC(=O)Nc1ccncc1C,1
COCCN(C)C(=O)CCNC(=O)c1ccoc1,0
Cc1cc(NC(=O)CNC(=O)OC(C)(C)C)[nH]n1,0
c1ccc(C(NCc2cnc(C3CCC3)s2)C2CCCC2)nc1,1
C=CCn1c(C)nnc1SCCOC(C)(C)C,1
CCS(=O)(=O)N1CCOC2(CCCN(c3ccc(C)nn3)C2)C1,1
Cc1cc(CSc2nccn2Cc2ccccn2)on1,0
CC(C)COc1nc(C(C)C)nc(NC(C)(C)C)c1N,0
CC(C)N(C)C(=O)CC1CCN(C(=O)Nc2ccncc2)CC1,1
Cc1ccc(C(O)(CCNC(=O)Nc2ccccn2)C(F)(F)F)o1,1
O=C(C1CCCCC1)N1CCCCC1c1n[nH]cc1-c1ccncc1,1
CCN(CC)c1ccc(NC(=O)c2sccc2-n2cnnn2)cn1,0
CC(C)(C)OC(=O)N1CCC(n2cnc3ncccc32)CC1,1
CN(CCC(=O)OC(C)(C)C)C(=O)NCc1ncn(C)n1,1
O=C(c1ccc[nH]c1=O)N1CC(c2nc(-c3cccnc3)no2)C1,1
Cc1nsc(N2CCCN(Cc3n[nH]c(=O)[nH]3)CC2)n1,1
CCC(=O)N1CCN(Cc2c(C)nn(CC)c2C)CC1,1
CCNc1nc(-c2c(C)cc(C)n(C3CC3)c2=O)cs1,1
CN(C)c1ccc(-c2cc(NCc3cccnc3)nc3[nH]ccc23)nn1,0
CCOC(=O)c1sc(NC(=O)CCOC)cc1C,0
CCn1ccc(NC(=O)CNC(=O)c2ccn(C)n2)n1,1
COc1ccsc1C(=O)N1CCCC(n2nc(C)nc2C)C1,1
O=C(Cc1cccs1)NCC1Cn2nnc(-c3ccoc3)c2CO1,1
Cc1csc(C2(NC(=O)c3ccc(C#N)c(C)n3)CCCC2)n1,0
Nc1nc(SCC(=O)Nc2nnc(C3CC3)o2)n[nH]1,1
Cc1ccc2ncc(C(=O)NC(C)c3cnn(C)c3)n2c1,0
CCc1noc(CC)c1CNC(=O)CN(C)S(C)(=O)=O,0
O=C(NCc1ccccn1)N1CCOCC1C1CC1,0
O=C1CCCc2[nH]c(=O)c(C(=O)N(Cc3ccco3)C3CC3)cc21,1
CC(C)CNC(=O)C1CSc2nc(C(C)(C)C)cc(=O)n2C1,0
CC(C)CC1COCCN1C(=O)c1ccc(N2CCCC2)nc1,1
CCCCCN(C)C(=O)c1cc(Br)cn1C,0
CCn1nc(C)c(CNc2cnn(CC(F)(F)F)c2)c1C,0
CCC(C)N(CCOC)C(=O)c1cc(Br)c[nH]1,1
Cc1csc(N2CCN(C(=O)Cc3ccc(C)s3)CC2)n1,1
Cn1cc(CC2CCN(C(=O)NCCC(=O)NC3CCCC3)C2)cn1,1
Cc1nn(C)c2ncc(S(=O)(=O)NCCc3cncn3C)cc12,1
CNC(=O)N1CCN(S(=O)(=O)N2CC(C)OC(C)C2)CC1,0
O=C(CCCc1cccs1)N1CCCC1Cn1cccn1,1
Cc1cc(NC(=O)C(C)Sc2nccn2Cc2ccccn2)on1,1
CCc1ncc(C(=O)NCC(=O)NCC2CCCC2)s1,1
Cc1nsc(C)c1NC(=O)CCc1nnc(-c2ccoc2C)o1,1
Cc1ncsc1CNC(=O)N1CCN(CC(F)(F)F)C(C)C1,1
CCc1nc2sc(C)nn2c1S(=O)(=O)NCc1cccs1,0
Cc1cc(NC(=O)CCc2c(C)nc3c(C#N)cnn3c2C)no1,1
Cc1c(Cl)c(C(F)(F)F)nn1C(C)C(=O)Nc1ccn(C)n1,1
Cc1nn(C)c(C)c1C(=O)Nc1ncc(Cl)cc1Cl,1
CC1CN(CCNC(=O)NCCCn2cncn2)CC(C)O1,1
Cc1ccc(CN(C)C(=O)NCCc2nnc3n2CCCCC3)s1,0
O=S(=O)(c1cc(-c2nnc(C3CC3)o2)co1)N1CCCCC1,1
O=C(CNC(=O)c1c[nH]nn1)NCC1CCCC1,0
CCN1CC(C(=O)N2CCc3nnc(C(C)C)n3CC2)CC1=O,0
COCC(C)NC(=O)c1csc(-c2ncccn2)n1,0
CN(C(=O)CSc1nnc(N2CCCCC2)n1C1CC1)C1CC1,1
O=C(c1ccc[nH]1)N1CCOC2C(Cn3cnnc3)CCC21,0
Cc1c(C(=O)NCC2CN3CCCC3CO2)[nH]c2c1C(=O)CCC2,1
O=C(C1CCCCCC1)N1CCCN(c2nccs2)CC1,0
CCN(CC)C(=O)N1CCN(C(=O)c2sccc2OC)CC1,0
O=C(c1cncc(Br)c1)N1CCC2(CC1)OCCO2,1
CC(C)c1cc(C(=O)N(C)Cc2ccccn2)n[nH]1,1
Cc1cc(C(C)NC(=O)N(C)C(C)C)c(C)s1,1
CCC(C)n1c(C)cc(C)c(-c2csc(NC)n2)c1=O,1
Cc1nc(CSc2nnc(Cc3cccs3)n2C2CC2)cs1,0
CC(=O)N1CCC(NC(=O)c2cnc3ccccn3c2=O)CC1,1
CC(CCO)NC(=O)NCc1ccnc(OC2CCC2)c1,1
c1cnc(NCc2nc(-c3ncccn3)no2)nc1,1
Cc1nccn1-c1cncc(C2CCCN(C(=O)C3CCC3)C2)n1,1
CCOC(=O)CCN(C(=O)c1[nH]ncc1Br)C1CC1,1
CS(=O)(=O)N1CC(C(=O)NCc2ccccn2)C1,0
CCc1noc(CSc2nnnn2C2CC2)n1,1
COCCC(=O)C1CCCN(C(=O)OC(C)(C)C)C1,1
Cn1cc(NC(=O)c2cscn2)cc(Br)c1=O,1
COc1ncnc2c1CN(C(=O)Cc1ccc[nH]1)CC2,1
