tensor([0.1666]),tensor([0.4692]),tensor([0.2837]),tensor([0.3453]),tensor([-1.2703]),tensor([-0.0826]),tensor([0.5612]),tensor([0.3163]),tensor([0.8278]),tensor([0.5667]),tensor([0.0278]),tensor([0.6255]),tensor([-1.6530]),tensor([-0.2480]),tensor([0.2618]),tensor([-0.1245]),tensor([0.2663]),tensor([0.3050]),tensor([0.3420]),tensor([0.6036]),tensor([-1.3795]),tensor([-0.3897]),tensor([0.4131]),tensor([-1.6808]),tensor([0.3383]),tensor([-1.4946]),tensor([0.9116]),tensor([0.8005]),tensor([-0.0979]),tensor([-0.9750]),tensor([-2.3387]),tensor([-0.2963]),tensor([0.4951]),tensor([0.4463]),tensor([0.6534]),tensor([0.3715]),tensor([0.4369]),tensor([-5.8068]),tensor([0.0264]),tensor([-0.9644]),tensor([0.1941]),tensor([0.4819]),tensor([0.0821]),tensor([-0.5982]),tensor([0.7456]),tensor([-1.1385]),tensor([0.3854]),tensor([0.2164]),tensor([0.7293]),tensor([-0.3290]),tensor([0.0181]),tensor([-0.6568]),tensor([0.6636]),tensor([0.5911]),tensor([0.3429]),tensor([0.5892]),tensor([-0.8878]),tensor([0.6030]),tensor([-0.0640]),tensor([0.3772]),tensor([0.9608]),tensor([0.6780]),tensor([0.1502]),tensor([0.2733])
tensor([0.3951]),tensor([0.6603]),tensor([0.2380]),tensor([-0.2474]),tensor([1.3285]),tensor([0.1565]),tensor([0.3263]),tensor([0.4907]),tensor([0.7254]),tensor([0.4519]),tensor([0.8850]),tensor([-0.1838]),tensor([-1.0598]),tensor([-0.4557]),tensor([-0.5616]),tensor([0.3274]),tensor([-1.1814]),tensor([-1.2902]),tensor([0.5437]),tensor([0.2547]),tensor([0.8220]),tensor([-1.7339]),tensor([0.2714]),tensor([-0.2004]),tensor([-0.7643]),tensor([0.8162]),tensor([-2.3015]),tensor([0.5022]),tensor([0.7274]),tensor([0.7162]),tensor([0.6998]),tensor([-0.5946]),tensor([0.7827]),tensor([-0.3559]),tensor([-0.3577]),tensor([-0.0874]),tensor([-1.2309]),tensor([-0.7317]),tensor([0.6759]),tensor([-0.1511]),tensor([0.4737]),tensor([-0.1570]),tensor([0.3239]),tensor([0.0253]),tensor([-1.7037]),tensor([0.3508]),tensor([0.2133]),tensor([0.3586]),tensor([-0.6210]),tensor([0.4220]),tensor([0.5337]),tensor([-1.3377]),tensor([-1.1965]),tensor([-0.1480]),tensor([0.4312]),tensor([0.9016]),tensor([-0.8341]),tensor([-0.1249]),tensor([-0.9729]),tensor([0.1851]),tensor([0.2107]),tensor([-0.2078]),tensor([0.3981]),tensor([-0.3651])
tensor([0.4785]),tensor([0.8743]),tensor([-0.0997]),tensor([0.1669]),tensor([0.4107]),tensor([0.9590]),tensor([0.2764]),tensor([0.7861]),tensor([0.2838]),tensor([-0.6756]),tensor([-0.2531]),tensor([-1.0939]),tensor([0.4046]),tensor([-0.0611]),tensor([0.2917]),tensor([0.9896]),tensor([0.4786]),tensor([0.4265]),tensor([-0.6285]),tensor([-0.9654]),tensor([0.6818]),tensor([-0.3658]),tensor([0.1549]),tensor([-1.5241]),tensor([-1.1237]),tensor([0.4850]),tensor([0.7019]),tensor([0.7644]),tensor([-0.3840]),tensor([0.2072]),tensor([0.2582]),tensor([0.8880]),tensor([0.9787]),tensor([0.0131]),tensor([0.1831]),tensor([-0.6079]),tensor([-1.7792]),tensor([0.1799]),tensor([0.1722]),tensor([0.3766]),tensor([0.2871]),tensor([-0.3408]),tensor([0.2740]),tensor([-1.2885]),tensor([-5.2284]),tensor([0.3751]),tensor([-1.7789]),tensor([0.4907]),tensor([-0.8347]),tensor([-0.8678]),tensor([-0.3509]),tensor([0.8472]),tensor([0.4434]),tensor([1.0543]),tensor([-1.0118]),tensor([0.4391]),tensor([-0.0246]),tensor([0.1164]),tensor([1.0242]),tensor([-0.1630]),tensor([-1.2245]),tensor([0.4146]),tensor([0.6021]),tensor([-0.0963])
tensor([-0.0216]),tensor([0.6364]),tensor([0.5024]),tensor([0.4367]),tensor([-1.9385]),tensor([-0.0256]),tensor([0.5771]),tensor([0.6961]),tensor([1.5446]),tensor([0.7593]),tensor([0.0571]),tensor([0.8941]),tensor([-2.0406]),tensor([-0.3749]),tensor([0.7413]),tensor([-0.0941]),tensor([0.5409]),tensor([0.5893]),tensor([0.6097]),tensor([0.9699]),tensor([-1.8421]),tensor([-0.3478]),tensor([0.8717]),tensor([-2.9911]),tensor([0.5719]),tensor([-2.0031]),tensor([0.9381]),tensor([1.1623]),tensor([-0.0654]),tensor([-1.4518]),tensor([-2.4683]),tensor([-0.5519]),tensor([0.5972]),tensor([0.5513]),tensor([0.8231]),tensor([0.6085]),tensor([0.6531]),tensor([-9.3841]),tensor([0.2782]),tensor([-1.9684]),tensor([0.3118]),tensor([0.8263]),tensor([0.5667]),tensor([-0.8271]),tensor([1.1961]),tensor([-3.1339]),tensor([0.5744]),tensor([0.2424]),tensor([1.0457]),tensor([-0.2295]),tensor([0.3725]),tensor([-1.0353]),tensor([1.0943]),tensor([1.0117]),tensor([0.8260]),tensor([0.7231]),tensor([-0.8476]),tensor([0.7545]),tensor([0.1205]),tensor([0.6965]),tensor([1.3645]),tensor([0.8061]),tensor([0.2511]),tensor([0.7156])
tensor([0.3946]),tensor([1.2158]),tensor([0.1793]),tensor([-0.0261]),tensor([2.0664]),tensor([0.2746]),tensor([0.7229]),tensor([0.7062]),tensor([1.1132]),tensor([0.5214]),tensor([1.3836]),tensor([-0.1163]),tensor([-2.1085]),tensor([-0.5957]),tensor([-0.3964]),tensor([0.4016]),tensor([-1.4402]),tensor([-2.1112]),tensor([0.7652]),tensor([0.5618]),tensor([1.1502]),tensor([-3.0131]),tensor([0.2383]),tensor([0.0935]),tensor([-1.0766]),tensor([1.4200]),tensor([-5.0908]),tensor([0.6148]),tensor([0.6831]),tensor([0.7294]),tensor([0.7835]),tensor([-0.4920]),tensor([1.2018]),tensor([-0.0572]),tensor([-0.4511]),tensor([-0.0145]),tensor([-1.6313]),tensor([-0.9274]),tensor([1.3255]),tensor([0.1609]),tensor([0.7381]),tensor([-0.2463]),tensor([0.4649]),tensor([1.1427]),tensor([-2.4199]),tensor([0.6766]),tensor([0.3130]),tensor([0.2252]),tensor([-0.6449]),tensor([0.5823]),tensor([0.7821]),tensor([-1.6014]),tensor([-1.6590]),tensor([-0.0824]),tensor([0.3930]),tensor([0.9477]),tensor([-0.7517]),tensor([-0.1341]),tensor([-1.6066]),tensor([0.1343]),tensor([0.1386]),tensor([-0.2363]),tensor([0.5046]),tensor([-0.3520])
tensor([0.6541]),tensor([1.5264]),tensor([0.0048]),tensor([0.5800]),tensor([0.6648]),tensor([1.4931]),tensor([0.3627]),tensor([1.1716]),tensor([0.4895]),tensor([-0.4175]),tensor([-0.1481]),tensor([-1.3987]),tensor([0.4818]),tensor([0.0732]),tensor([0.6584]),tensor([1.2969]),tensor([0.8318]),tensor([0.7724]),tensor([-1.3249]),tensor([-1.4039]),tensor([0.9725]),tensor([-0.3934]),tensor([0.4155]),tensor([-3.2909]),tensor([-1.4048]),tensor([1.0927]),tensor([0.8270]),tensor([1.4150]),tensor([-0.5071]),tensor([0.4202]),tensor([0.3130]),tensor([1.2546]),tensor([0.9755]),tensor([0.2621]),tensor([0.5518]),tensor([-0.9054]),tensor([-3.9983]),tensor([0.6186]),tensor([0.1121]),tensor([0.6738]),tensor([0.4255]),tensor([-0.4428]),tensor([0.2143]),tensor([-1.6960]),tensor([-7.4591]),tensor([0.5138]),tensor([-2.1856]),tensor([0.9946]),tensor([-1.8993]),tensor([-2.0308]),tensor([0.0485]),tensor([1.3454]),tensor([0.5388]),tensor([1.6063]),tensor([-1.1693]),tensor([0.5070]),tensor([0.3427]),tensor([0.1799]),tensor([1.2550]),tensor([-0.0412]),tensor([-1.9429]),tensor([0.7989]),tensor([0.8782]),tensor([-0.0880])
tensor([-0.0643]),tensor([0.7406]),tensor([0.4827]),tensor([0.5421]),tensor([-2.2247]),tensor([0.1853]),tensor([0.4936]),tensor([1.1627]),tensor([1.6948]),tensor([0.7561]),tensor([0.0180]),tensor([1.0210]),tensor([-2.1994]),tensor([-0.3348]),tensor([0.8714]),tensor([0.0040]),tensor([0.4706]),tensor([0.6622]),tensor([0.6174]),tensor([1.1512]),tensor([-2.0005]),tensor([-0.2777]),tensor([1.0051]),tensor([-3.3351]),tensor([0.5467]),tensor([-1.8765]),tensor([0.9345]),tensor([1.2214]),tensor([0.0009]),tensor([-1.6425]),tensor([-2.3842]),tensor([-0.6794]),tensor([0.5854]),tensor([0.5724]),tensor([0.8363]),tensor([0.8310]),tensor([0.6999]),tensor([-10.2493]),tensor([0.3862]),tensor([-2.6031]),tensor([0.2883]),tensor([0.9392]),tensor([0.6887]),tensor([-1.2095]),tensor([1.3006]),tensor([-3.7281]),tensor([0.5643]),tensor([0.2954]),tensor([1.1317]),tensor([-0.1843]),tensor([0.3935]),tensor([-1.1131]),tensor([1.1917]),tensor([1.0823]),tensor([0.9433]),tensor([0.6684]),tensor([-0.6599]),tensor([0.6422]),tensor([0.3422]),tensor([0.7829]),tensor([1.4576]),tensor([0.7475]),tensor([0.4514]),tensor([0.8293])
tensor([0.3870]),tensor([1.5564]),tensor([0.0854]),tensor([0.1746]),tensor([2.1962]),tensor([0.3883]),tensor([0.7800]),tensor([1.0477]),tensor([1.1494]),tensor([0.4139]),tensor([1.4434]),tensor([0.1214]),tensor([-2.4841]),tensor([-0.4534]),tensor([-0.3148]),tensor([0.5067]),tensor([-1.4150]),tensor([-2.5428]),tensor([0.7601]),tensor([0.6335]),tensor([1.1809]),tensor([-3.4851]),tensor([0.1720]),tensor([0.1278]),tensor([-1.1579]),tensor([1.4989]),tensor([-6.1171]),tensor([0.5652]),tensor([0.6144]),tensor([0.9400]),tensor([0.7859]),tensor([-0.4571]),tensor([1.2955]),tensor([0.1182]),tensor([-0.3668]),tensor([-0.0326]),tensor([-1.7586]),tensor([-0.7183]),tensor([1.4008]),tensor([0.2821]),tensor([1.0352]),tensor([-0.2469]),tensor([0.3186]),tensor([1.4612]),tensor([-2.6754]),tensor([0.6975]),tensor([0.4051]),tensor([0.0347]),tensor([-0.6835]),tensor([0.5729]),tensor([0.8211]),tensor([-1.6812]),tensor([-1.6835]),tensor([-0.0356]),tensor([0.2345]),tensor([1.0415]),tensor([-0.8496]),tensor([-0.0053]),tensor([-1.8006]),tensor([0.0572]),tensor([0.0672]),tensor([-0.2042]),tensor([0.6508]),tensor([-0.3863])
tensor([0.6509]),tensor([1.6336]),tensor([0.0716]),tensor([0.7527]),tensor([0.7682]),tensor([1.6524]),tensor([0.2349]),tensor([1.2333]),tensor([0.5548]),tensor([-0.3629]),tensor([-0.1004]),tensor([-1.4473]),tensor([0.5462]),tensor([0.1417]),tensor([0.8993]),tensor([1.3591]),tensor([0.9373]),tensor([0.9205]),tensor([-1.6166]),tensor([-1.5264]),tensor([0.9943]),tensor([-0.4226]),tensor([0.5447]),tensor([-3.6462]),tensor([-1.4248]),tensor([1.2052]),tensor([0.8196]),tensor([1.5896]),tensor([-0.5243]),tensor([0.8199]),tensor([0.3562]),tensor([1.3184]),tensor([1.1277]),tensor([0.4189]),tensor([0.6460]),tensor([-0.9746]),tensor([-4.8883]),tensor([0.6306]),tensor([0.0649]),tensor([0.7157]),tensor([0.3916]),tensor([-0.4517]),tensor([0.1197]),tensor([-1.9163]),tensor([-8.0516]),tensor([0.5327]),tensor([-2.2650]),tensor([1.1594]),tensor([-2.3421]),tensor([-2.4602]),tensor([0.1106]),tensor([1.4168]),tensor([0.5398]),tensor([1.7315]),tensor([-0.9952]),tensor([0.3699]),tensor([0.6691]),tensor([0.1345]),tensor([1.3072]),tensor([0.0433]),tensor([-2.1248]),tensor([1.0218]),tensor([0.9315]),tensor([-0.0786])
tensor([-0.0862]),tensor([0.8182]),tensor([0.3945]),tensor([0.5277]),tensor([-2.4174]),tensor([0.4119]),tensor([0.4896]),tensor([1.4743]),tensor([1.6128]),tensor([0.7207]),tensor([0.0315]),tensor([1.0554]),tensor([-2.3122]),tensor([-0.3201]),tensor([0.8572]),tensor([0.0018]),tensor([0.3655]),tensor([0.6768]),tensor([0.6113]),tensor([1.2353]),tensor([-2.1143]),tensor([-0.2407]),tensor([0.9781]),tensor([-3.1782]),tensor([0.4606]),tensor([-1.6880]),tensor([0.8720]),tensor([1.1529]),tensor([0.0732]),tensor([-1.7787]),tensor([-2.4356]),tensor([-0.7623]),tensor([0.5428]),tensor([0.5996]),tensor([0.8423]),tensor([0.9232]),tensor([0.7038]),tensor([-9.9806]),tensor([0.4297]),tensor([-3.0169]),tensor([0.2883]),tensor([0.9436]),tensor([0.6898]),tensor([-1.4847]),tensor([1.2908]),tensor([-3.6543]),tensor([0.5818]),tensor([0.3420]),tensor([1.1545]),tensor([-0.1776]),tensor([0.3630]),tensor([-1.1553]),tensor([1.1321]),tensor([1.0724]),tensor([1.0249]),tensor([0.6436]),tensor([-0.5295]),tensor([0.4939]),tensor([0.4530]),tensor([0.8031]),tensor([1.4366]),tensor([0.6934]),tensor([0.6888]),tensor([0.8416])
tensor([0.3931]),tensor([1.5979]),tensor([0.0331]),tensor([0.3373]),tensor([2.0998]),tensor([0.3717]),tensor([0.8478]),tensor([1.1879]),tensor([1.1503]),tensor([0.3442]),tensor([1.4058]),tensor([0.2976]),tensor([-2.6951]),tensor([-0.3159]),tensor([-0.2928]),tensor([0.5583]),tensor([-1.3041]),tensor([-2.7358]),tensor([0.7550]),tensor([0.6575]),tensor([1.1603]),tensor([-3.7328]),tensor([0.1610]),tensor([0.1303]),tensor([-1.1021]),tensor([1.4074]),tensor([-6.2459]),tensor([0.3879]),tensor([0.5904]),tensor([1.0713]),tensor([0.7659]),tensor([-0.3850]),tensor([1.2671]),tensor([0.1208]),tensor([-0.2647]),tensor([-0.0373]),tensor([-1.8375]),tensor([-0.4490]),tensor([1.3047]),tensor([0.3224]),tensor([1.1174]),tensor([-0.1917]),tensor([0.1839]),tensor([1.4736]),tensor([-2.8582]),tensor([0.7001]),tensor([0.5054]),tensor([-0.1110]),tensor([-0.6666]),tensor([0.5271]),tensor([0.7740]),tensor([-1.6705]),tensor([-1.6941]),tensor([0.0977]),tensor([0.1590]),tensor([1.0459]),tensor([-0.9243]),tensor([0.1410]),tensor([-1.7592]),tensor([0.0934]),tensor([-0.0022]),tensor([-0.1182]),tensor([0.6637]),tensor([-0.3474])
tensor([0.6186]),tensor([1.4851]),tensor([0.1140]),tensor([0.9119]),tensor([0.8275]),tensor([1.6315]),tensor([0.1651]),tensor([1.2182]),tensor([0.6106]),tensor([-0.4264]),tensor([-0.0733]),tensor([-1.5316]),tensor([0.6467]),tensor([0.1985]),tensor([1.0665]),tensor([1.3383]),tensor([0.9967]),tensor([0.9868]),tensor([-1.7889]),tensor([-1.5955]),tensor([0.9670]),tensor([-0.4069]),tensor([0.5646]),tensor([-3.5121]),tensor([-1.4697]),tensor([1.1971]),tensor([0.8326]),tensor([1.6307]),tensor([-0.5291]),tensor([1.1068]),tensor([0.4032]),tensor([1.2792]),tensor([1.2309]),tensor([0.5440]),tensor([0.6988]),tensor([-1.0399]),tensor([-5.2667]),tensor([0.5559]),tensor([0.0645]),tensor([0.7311]),tensor([0.3377]),tensor([-0.4315]),tensor([0.0953]),tensor([-2.1375]),tensor([-8.0540]),tensor([0.5181]),tensor([-2.3716]),tensor([1.2508]),tensor([-2.5074]),tensor([-2.5394]),tensor([0.1393]),tensor([1.3456]),tensor([0.5481]),tensor([1.7023]),tensor([-0.8450]),tensor([0.2380]),tensor([0.9094]),tensor([0.0491]),tensor([1.3033]),tensor([0.1105]),tensor([-2.2050]),tensor([1.0810]),tensor([0.9944]),tensor([-0.0458])
tensor([-0.0706]),tensor([0.8792]),tensor([0.4202]),tensor([0.5594]),tensor([-2.5713]),tensor([0.4379]),tensor([0.4972]),tensor([1.5751]),tensor([1.6197]),tensor([0.7462]),tensor([0.0726]),tensor([0.9286]),tensor([-2.4298]),tensor([-0.3136]),tensor([0.9423]),tensor([0.0372]),tensor([0.3405]),tensor([0.7575]),tensor([0.6256]),tensor([1.3190]),tensor([-2.1781]),tensor([-0.2327]),tensor([1.0806]),tensor([-3.3020]),tensor([0.5254]),tensor([-1.6958]),tensor([0.8852]),tensor([1.1434]),tensor([0.1652]),tensor([-1.8880]),tensor([-2.4122]),tensor([-0.8405]),tensor([0.5367]),tensor([0.6274]),tensor([0.8369]),tensor([1.0235]),tensor([0.7497]),tensor([-10.3583]),tensor([0.4936]),tensor([-3.4926]),tensor([0.3129]),tensor([0.9852]),tensor([0.7741]),tensor([-1.6609]),tensor([1.3569]),tensor([-3.9031]),tensor([0.6418]),tensor([0.3726]),tensor([1.2273]),tensor([-0.1815]),tensor([0.4378]),tensor([-1.2360]),tensor([1.1955]),tensor([1.0690]),tensor([1.0772]),tensor([0.6616]),tensor([-0.4702]),tensor([0.4260]),tensor([0.5305]),tensor([0.8851]),tensor([1.4563]),tensor([0.7292]),tensor([0.8048]),tensor([0.9349])
tensor([0.4103]),tensor([1.6010]),tensor([-0.0188]),tensor([0.4633]),tensor([2.0829]),tensor([0.3591]),tensor([0.8556]),tensor([1.2654]),tensor([1.1449]),tensor([0.2767]),tensor([1.4029]),tensor([0.4521]),tensor([-2.9301]),tensor([-0.2787]),tensor([-0.2358]),tensor([0.6787]),tensor([-1.2293]),tensor([-2.9403]),tensor([0.7897]),tensor([0.6327]),tensor([1.1831]),tensor([-3.9927]),tensor([0.1145]),tensor([0.1811]),tensor([-1.0599]),tensor([1.3433]),tensor([-6.4609]),tensor([0.3118]),tensor([0.6149]),tensor([1.1157]),tensor([0.7465]),tensor([-0.3633]),tensor([1.3299]),tensor([0.1143]),tensor([-0.1918]),tensor([0.0280]),tensor([-1.9045]),tensor([-0.3165]),tensor([1.2470]),tensor([0.4039]),tensor([1.1679]),tensor([-0.1405]),tensor([0.1278]),tensor([1.4545]),tensor([-3.0112]),tensor([0.7309]),tensor([0.6079]),tensor([-0.1859]),tensor([-0.6739]),tensor([0.5233]),tensor([0.7588]),tensor([-1.7838]),tensor([-1.8176]),tensor([0.1512]),tensor([0.1100]),tensor([1.0462]),tensor([-0.8992]),tensor([0.2371]),tensor([-1.7669]),tensor([0.1506]),tensor([-0.0032]),tensor([0.0071]),tensor([0.6835]),tensor([-0.2339])
tensor([0.6230]),tensor([1.4686]),tensor([0.1622]),tensor([1.0610]),tensor([0.8447]),tensor([1.5865]),tensor([0.0827]),tensor([1.2728]),tensor([0.6578]),tensor([-0.3302]),tensor([-0.0506]),tensor([-1.6232]),tensor([0.6716]),tensor([0.2543]),tensor([1.0796]),tensor([1.3842]),tensor([1.0934]),tensor([1.0594]),tensor([-2.0374]),tensor([-1.6321]),tensor([0.9636]),tensor([-0.3750]),tensor([0.6425]),tensor([-3.6563]),tensor([-1.5292]),tensor([1.1850]),tensor([0.8485]),tensor([1.7172]),tensor([-0.4842]),tensor([1.2255]),tensor([0.4468]),tensor([1.2707]),tensor([1.2915]),tensor([0.6530]),tensor([0.7637]),tensor([-1.0938]),tensor([-5.6541]),tensor([0.6245]),tensor([0.0944]),tensor([0.7870]),tensor([0.3294]),tensor([-0.3787]),tensor([0.0981]),tensor([-2.2976]),tensor([-8.3798]),tensor([0.5259]),tensor([-2.4488]),tensor([1.3611]),tensor([-2.6491]),tensor([-2.6985]),tensor([0.2106]),tensor([1.3276]),tensor([0.5753]),tensor([1.7222]),tensor([-0.8235]),tensor([0.1390]),tensor([1.1249]),tensor([0.0347]),tensor([1.3536]),tensor([0.1641]),tensor([-2.3592]),tensor([1.1724]),tensor([1.0256]),tensor([-0.0114])
tensor([-0.0588]),tensor([0.9464]),tensor([0.4030]),tensor([0.5405]),tensor([-2.7314]),tensor([0.4638]),tensor([0.5424]),tensor([1.6191]),tensor([1.5853]),tensor([0.7788]),tensor([0.1395]),tensor([0.8337]),tensor([-2.5477]),tensor([-0.3030]),tensor([0.9630]),tensor([0.0178]),tensor([0.3111]),tensor([0.8670]),tensor([0.6373]),tensor([1.3652]),tensor([-2.2216]),tensor([-0.1927]),tensor([1.0831]),tensor([-3.3437]),tensor([0.5115]),tensor([-1.7001]),tensor([0.8733]),tensor([1.0876]),tensor([0.2429]),tensor([-2.0228]),tensor([-2.4677]),tensor([-0.9071]),tensor([0.5183]),tensor([0.6527]),tensor([0.8565]),tensor([1.0692]),tensor([0.7870]),tensor([-10.2937]),tensor([0.5470]),tensor([-3.8908]),tensor([0.3681]),tensor([1.0001]),tensor([0.7967]),tensor([-1.7567]),tensor([1.3556]),tensor([-3.9804]),tensor([0.7079]),tensor([0.4105]),tensor([1.2623]),tensor([-0.1926]),tensor([0.4881]),tensor([-1.3211]),tensor([1.1924]),tensor([1.0738]),tensor([1.1532]),tensor([0.7109]),tensor([-0.4262]),tensor([0.4184]),tensor([0.5634]),tensor([0.9456]),tensor([1.4449]),tensor([0.7489]),tensor([0.9449]),tensor([0.9967])
tensor([0.4470]),tensor([1.5631]),tensor([0.0063]),tensor([0.6039]),tensor([2.0456]),tensor([0.3172]),tensor([0.9352]),tensor([1.2851]),tensor([1.1728]),tensor([0.2647]),tensor([1.4052]),tensor([0.5404]),tensor([-3.1397]),tensor([-0.3136]),tensor([-0.2523]),tensor([0.7800]),tensor([-1.1876]),tensor([-3.0555]),tensor([0.8487]),tensor([0.6681]),tensor([1.2202]),tensor([-4.3620]),tensor([0.1488]),tensor([0.1953]),tensor([-1.0242]),tensor([1.2926]),tensor([-6.6734]),tensor([0.2201]),tensor([0.6673]),tensor([1.1257]),tensor([0.7965]),tensor([-0.3750]),tensor([1.3125]),tensor([0.0094]),tensor([-0.1566]),tensor([0.1101]),tensor([-1.9978]),tensor([-0.2645]),tensor([1.1961]),tensor([0.4392]),tensor([1.1467]),tensor([-0.0735]),tensor([0.1663]),tensor([1.3748]),tensor([-3.3144]),tensor([0.7902]),tensor([0.7006]),tensor([-0.1944]),tensor([-0.6754]),tensor([0.5515]),tensor([0.7612]),tensor([-1.8321]),tensor([-1.9252]),tensor([0.2779]),tensor([0.1603]),tensor([1.0453]),tensor([-0.8907]),tensor([0.3118]),tensor([-1.7461]),tensor([0.2330]),tensor([0.0749]),tensor([0.1313]),tensor([0.6899]),tensor([-0.1114])
tensor([0.6207]),tensor([1.3740]),tensor([0.2153]),tensor([1.2134]),tensor([0.8900]),tensor([1.4931]),tensor([0.0910]),tensor([1.2854]),tensor([0.6954]),tensor([-0.3041]),tensor([0.0042]),tensor([-1.7574]),tensor([0.7538]),tensor([0.3643]),tensor([1.0837]),tensor([1.3938]),tensor([1.1706]),tensor([1.0880]),tensor([-2.2157]),tensor([-1.6558]),tensor([0.9935]),tensor([-0.3108]),tensor([0.6363]),tensor([-3.6791]),tensor([-1.6267]),tensor([1.1708]),tensor([0.9076]),tensor([1.7318]),tensor([-0.4606]),tensor([1.2781]),tensor([0.4921]),tensor([1.2575]),tensor([1.3222]),tensor([0.7372]),tensor([0.8508]),tensor([-1.1976]),tensor([-5.9273]),tensor([0.6376]),tensor([0.1318]),tensor([0.8271]),tensor([0.3092]),tensor([-0.3578]),tensor([0.1236]),tensor([-2.4969]),tensor([-8.4317]),tensor([0.5612]),tensor([-2.5795]),tensor([1.4328]),tensor([-2.7698]),tensor([-2.7845]),tensor([0.2944]),tensor([1.2698]),tensor([0.6062]),tensor([1.6707]),tensor([-0.8147]),tensor([0.0825]),tensor([1.2768]),tensor([0.0181]),tensor([1.3882]),tensor([0.1911]),tensor([-2.4584]),tensor([1.1838]),tensor([1.0982]),tensor([0.0784])
tensor([-0.0129]),tensor([0.9871]),tensor([0.3921]),tensor([0.5905]),tensor([-2.8588]),tensor([0.4981]),tensor([0.5742]),tensor([1.7111]),tensor([1.5940]),tensor([0.7916]),tensor([0.1970]),tensor([0.7351]),tensor([-2.6849]),tensor([-0.2750]),tensor([1.0089]),tensor([0.0152]),tensor([0.2502]),tensor([0.9889]),tensor([0.6157]),tensor([1.4266]),tensor([-2.2401]),tensor([-0.1870]),tensor([1.1517]),tensor([-3.4073]),tensor([0.5317]),tensor([-1.6953]),tensor([0.9050]),tensor([1.0744]),tensor([0.3183]),tensor([-2.1338]),tensor([-2.4214]),tensor([-0.9526]),tensor([0.4849]),tensor([0.6251]),tensor([0.8390]),tensor([1.1096]),tensor([0.8371]),tensor([-10.4405]),tensor([0.5841]),tensor([-4.3040]),tensor([0.4020]),tensor([1.0322]),tensor([0.8696]),tensor([-1.9377]),tensor([1.3654]),tensor([-4.0758]),tensor([0.7426]),tensor([0.4425]),tensor([1.3119]),tensor([-0.2442]),tensor([0.5367]),tensor([-1.3759]),tensor([1.2413]),tensor([1.0672]),tensor([1.1893]),tensor([0.7377]),tensor([-0.3756]),tensor([0.3888]),tensor([0.5912]),tensor([1.0042]),tensor([1.4413]),tensor([0.7712]),tensor([1.0572]),tensor([1.0606])
tensor([0.4023]),tensor([1.5883]),tensor([-0.0208]),tensor([0.7081]),tensor([1.9935]),tensor([0.3416]),tensor([0.9343]),tensor([1.3629]),tensor([1.1430]),tensor([0.2048]),tensor([1.3807]),tensor([0.6557]),tensor([-3.2857]),tensor([-0.2207]),tensor([-0.2143]),tensor([0.8422]),tensor([-1.1185]),tensor([-3.1267]),tensor([0.8427]),tensor([0.6614]),tensor([1.2079]),tensor([-4.5218]),tensor([0.1279]),tensor([0.2623]),tensor([-1.0306]),tensor([1.2205]),tensor([-6.6777]),tensor([0.1208]),tensor([0.6346]),tensor([1.1225]),tensor([0.7770]),tensor([-0.3625]),tensor([1.3067]),tensor([0.1048]),tensor([-0.1629]),tensor([0.1045]),tensor([-2.0329]),tensor([-0.1094]),tensor([1.1396]),tensor([0.4920]),tensor([1.1898]),tensor([-0.0612]),tensor([0.1808]),tensor([1.3794]),tensor([-3.4547]),tensor([0.8064]),tensor([0.7950]),tensor([-0.2704]),tensor([-0.6577]),tensor([0.5431]),tensor([0.7466]),tensor([-1.9896]),tensor([-1.9452]),tensor([0.3099]),tensor([0.1193]),tensor([1.0151]),tensor([-0.9407]),tensor([0.3663]),tensor([-1.7184]),tensor([0.2585]),tensor([0.1666]),tensor([0.2056]),tensor([0.7158]),tensor([-0.0909])
tensor([0.6395]),tensor([1.3590]),tensor([0.2603]),tensor([1.2924]),tensor([0.9166]),tensor([1.4524]),tensor([0.0777]),tensor([1.2808]),tensor([0.6494]),tensor([-0.2554]),tensor([0.0624]),tensor([-1.8771]),tensor([0.7946]),tensor([0.4364]),tensor([1.1106]),tensor([1.4117]),tensor([1.2357]),tensor([1.1359]),tensor([-2.4576]),tensor([-1.6964]),tensor([1.0263]),tensor([-0.3015]),tensor([0.6635]),tensor([-3.6593]),tensor([-1.7117]),tensor([1.1478]),tensor([0.9301]),tensor([1.7739]),tensor([-0.4461]),tensor([1.4039]),tensor([0.5291]),tensor([1.2668]),tensor([1.4271]),tensor([0.7999]),tensor([0.9056]),tensor([-1.2627]),tensor([-6.1872]),tensor([0.6571]),tensor([0.1704]),tensor([0.8571]),tensor([0.3217]),tensor([-0.2984]),tensor([0.1529]),tensor([-2.6456]),tensor([-8.5439]),tensor([0.5573]),tensor([-2.6828]),tensor([1.4963]),tensor([-2.8674]),tensor([-2.9155]),tensor([0.3316]),tensor([1.2187]),tensor([0.6319]),tensor([1.6500]),tensor([-0.8053]),tensor([-0.0253]),tensor([1.4368]),tensor([0.0001]),tensor([1.4258]),tensor([0.2565]),tensor([-2.5544]),tensor([1.2483]),tensor([1.1257]),tensor([0.1333])
tensor([-0.0125]),tensor([1.0317]),tensor([0.4203]),tensor([0.6028]),tensor([-3.0000]),tensor([0.5096]),tensor([0.6224]),tensor([1.7335]),tensor([1.6007]),tensor([0.8162]),tensor([0.2322]),tensor([0.6785]),tensor([-2.8019]),tensor([-0.2586]),tensor([1.0442]),tensor([-0.0237]),tensor([0.2620]),tensor([1.0999]),tensor([0.6254]),tensor([1.4588]),tensor([-2.2721]),tensor([-0.1411]),tensor([1.1742]),tensor([-3.4814]),tensor([0.5393]),tensor([-1.7698]),tensor([0.9033]),tensor([1.0668]),tensor([0.3671]),tensor([-2.2630]),tensor([-2.5171]),tensor([-1.0052]),tensor([0.4694]),tensor([0.6319]),tensor([0.8407]),tensor([1.1225]),tensor([0.8843]),tensor([-10.4969]),tensor([0.6103]),tensor([-4.6153]),tensor([0.4704]),tensor([1.0547]),tensor([0.9155]),tensor([-1.9937]),tensor([1.3846]),tensor([-4.1380]),tensor([0.8055]),tensor([0.4867]),tensor([1.3483]),tensor([-0.2781]),tensor([0.5987]),tensor([-1.4641]),tensor([1.2478]),tensor([1.0788]),tensor([1.2508]),tensor([0.7899]),tensor([-0.3819]),tensor([0.4403]),tensor([0.5984]),tensor([1.0546]),tensor([1.4432]),tensor([0.8025]),tensor([1.1436]),tensor([1.1194])
tensor([0.4284]),tensor([1.5649]),tensor([0.0073]),tensor([0.7883]),tensor([1.9973]),tensor([0.3246]),tensor([0.9846]),tensor([1.3787]),tensor([1.1407]),tensor([0.1767]),tensor([1.3782]),tensor([0.7410]),tensor([-3.4778]),tensor([-0.2250]),tensor([-0.2126]),tensor([0.9623]),tensor([-1.0889]),tensor([-3.2371]),tensor([0.8824]),tensor([0.6806]),tensor([1.2437]),tensor([-4.7923]),tensor([0.1482]),tensor([0.3090]),tensor([-0.9883]),tensor([1.2066]),tensor([-6.8495]),tensor([0.1067]),tensor([0.6680]),tensor([1.1229]),tensor([0.7967]),tensor([-0.3793]),tensor([1.3043]),tensor([0.0525]),tensor([-0.1720]),tensor([0.1543]),tensor([-2.1334]),tensor([-0.0756]),tensor([1.1006]),tensor([0.5318]),tensor([1.1924]),tensor([-0.0400]),tensor([0.2644]),tensor([1.3637]),tensor([-3.7052]),tensor([0.8761]),tensor([0.8733]),tensor([-0.3066]),tensor([-0.6479]),tensor([0.5487]),tensor([0.7411]),tensor([-2.1075]),tensor([-2.0512]),tensor([0.3533]),tensor([0.1600]),tensor([1.0031]),tensor([-0.9569]),tensor([0.4212]),tensor([-1.6795]),tensor([0.3327]),tensor([0.2645]),tensor([0.3034]),tensor([0.7300]),tensor([-0.0149])
tensor([0.6282]),tensor([1.3676]),tensor([0.3003]),tensor([1.3722]),tensor([0.9554]),tensor([1.4089]),tensor([0.0971]),tensor([1.2818]),tensor([0.6448]),tensor([-0.2338]),tensor([0.0596]),tensor([-2.0272]),tensor([0.8405]),tensor([0.5287]),tensor([1.1215]),tensor([1.4303]),tensor([1.2894]),tensor([1.1601]),tensor([-2.6233]),tensor([-1.7346]),tensor([1.0515]),tensor([-0.2595]),tensor([0.6701]),tensor([-3.6429]),tensor([-1.8242]),tensor([1.1454]),tensor([0.9653]),tensor([1.8149]),tensor([-0.3973]),tensor([1.4419]),tensor([0.5547]),tensor([1.2660]),tensor([1.4554]),tensor([0.8377]),tensor([0.9602]),tensor([-1.3424]),tensor([-6.3142]),tensor([0.6931]),tensor([0.1957]),tensor([0.8907]),tensor([0.3197]),tensor([-0.2692]),tensor([0.1864]),tensor([-2.8152]),tensor([-8.6568]),tensor([0.5969]),tensor([-2.8284]),tensor([1.5482]),tensor([-2.9053]),tensor([-2.9739]),tensor([0.3800]),tensor([1.1961]),tensor([0.6584]),tensor([1.6298]),tensor([-0.8420]),tensor([-0.0271]),tensor([1.5326]),tensor([0.0154]),tensor([1.4557]),tensor([0.3002]),tensor([-2.6840]),tensor([1.2797]),tensor([1.1794]),tensor([0.1613])
tensor([0.0281]),tensor([1.0740]),tensor([0.4281]),tensor([0.6544]),tensor([-3.1042]),tensor([0.5271]),tensor([0.6617]),tensor([1.7636]),tensor([1.5973]),tensor([0.8302]),tensor([0.2790]),tensor([0.5950]),tensor([-2.9256]),tensor([-0.2175]),tensor([1.0724]),tensor([-0.0282]),tensor([0.2282]),tensor([1.2112]),tensor([0.6145]),tensor([1.5011]),tensor([-2.2806]),tensor([-0.0955]),tensor([1.2031]),tensor([-3.5558]),tensor([0.5464]),tensor([-1.7962]),tensor([0.9315]),tensor([1.0529]),tensor([0.4208]),tensor([-2.3676]),tensor([-2.5275]),tensor([-1.0470]),tensor([0.4443]),tensor([0.6048]),tensor([0.8316]),tensor([1.1526]),tensor([0.9437]),tensor([-10.5558]),tensor([0.6367]),tensor([-4.9543]),tensor([0.5230]),tensor([1.0788]),tensor([0.9535]),tensor([-2.1193]),tensor([1.3938]),tensor([-4.1796]),tensor([0.8420]),tensor([0.5390]),tensor([1.3916]),tensor([-0.3286]),tensor([0.6314]),tensor([-1.5220]),tensor([1.2615]),tensor([1.0667]),tensor([1.2688]),tensor([0.8214]),tensor([-0.3676]),tensor([0.4660]),tensor([0.6121]),tensor([1.0987]),tensor([1.4297]),tensor([0.8322]),tensor([1.2349]),tensor([1.1607])
tensor([0.4239]),tensor([1.5580]),tensor([0.0182]),tensor([0.8616]),tensor([1.9495]),tensor([0.3393]),tensor([0.9890]),tensor([1.4178]),tensor([1.1204]),tensor([0.1393]),tensor([1.3496]),tensor([0.8353]),tensor([-3.6130]),tensor([-0.1590]),tensor([-0.1935]),tensor([1.0549]),tensor([-1.0366]),tensor([-3.3006]),tensor([0.8794]),tensor([0.6793]),tensor([1.2414]),tensor([-4.9384]),tensor([0.1542]),tensor([0.3710]),tensor([-0.9600]),tensor([1.1506]),tensor([-6.9200]),tensor([0.0553]),tensor([0.6552]),tensor([1.1154]),tensor([0.7948]),tensor([-0.3779]),tensor([1.2889]),tensor([0.0918]),tensor([-0.1868]),tensor([0.1569]),tensor([-2.1926]),tensor([0.0123]),tensor([1.0615]),tensor([0.5706]),tensor([1.2094]),tensor([-0.0476]),tensor([0.3309]),tensor([1.3591]),tensor([-3.8660]),tensor([0.8999]),tensor([0.9433]),tensor([-0.3642]),tensor([-0.6035]),tensor([0.5462]),tensor([0.7389]),tensor([-2.2509]),tensor([-2.0891]),tensor([0.3770]),tensor([0.1485]),tensor([0.9762]),tensor([-0.9990]),tensor([0.4650]),tensor([-1.6226]),tensor([0.3692]),tensor([0.3699]),tensor([0.3660]),tensor([0.7521]),tensor([0.0019])
tensor([0.6259]),tensor([1.3724]),tensor([0.3402]),tensor([1.4249]),tensor([0.9857]),tensor([1.3558]),tensor([0.1186]),tensor([1.2709]),tensor([0.5953]),tensor([-0.2077]),tensor([0.0954]),tensor([-2.1562]),tensor([0.8820]),tensor([0.6081]),tensor([1.1163]),tensor([1.4542]),tensor([1.3327]),tensor([1.1984]),tensor([-2.8344]),tensor([-1.7961]),tensor([1.0837]),tensor([-0.2231]),tensor([0.6857]),tensor([-3.5897]),tensor([-1.9214]),tensor([1.1120]),tensor([1.0060]),tensor([1.8391]),tensor([-0.3456]),tensor([1.5063]),tensor([0.5887]),tensor([1.2699]),tensor([1.5356]),tensor([0.8750]),tensor([1.0040]),tensor([-1.4001]),tensor([-6.4441]),tensor([0.6918]),tensor([0.2345]),tensor([0.9073]),tensor([0.3275]),tensor([-0.2255]),tensor([0.2179]),tensor([-2.9540]),tensor([-8.7430]),tensor([0.6245]),tensor([-2.9352]),tensor([1.5872]),tensor([-2.9467]),tensor([-3.0529]),tensor([0.4019]),tensor([1.1382]),tensor([0.6872]),tensor([1.5817]),tensor([-0.8556]),tensor([-0.0864]),tensor([1.6477]),tensor([0.0167]),tensor([1.4990]),tensor([0.3610]),tensor([-2.7758]),tensor([1.3273]),tensor([1.2159]),tensor([0.2105])
tensor([0.0413]),tensor([1.1073]),tensor([0.4423]),tensor([0.6733]),tensor([-3.2120]),tensor([0.5740]),tensor([0.7047]),tensor([1.8122]),tensor([1.6042]),tensor([0.8441]),tensor([0.3136]),tensor([0.5749]),tensor([-3.0237]),tensor([-0.1957]),tensor([1.0927]),tensor([-0.0697]),tensor([0.2181]),tensor([1.2971]),tensor([0.6178]),tensor([1.5207]),tensor([-2.3031]),tensor([-0.0476]),tensor([1.2114]),tensor([-3.5657]),tensor([0.5377]),tensor([-1.8483]),tensor([0.9307]),tensor([1.0460]),tensor([0.4484]),tensor([-2.4724]),tensor([-2.5949]),tensor([-1.0856]),tensor([0.4115]),tensor([0.5872]),tensor([0.8322]),tensor([1.1422]),tensor([0.9904]),tensor([-10.5437]),tensor([0.6461]),tensor([-5.2049]),tensor([0.5784]),tensor([1.0940]),tensor([0.9858]),tensor([-2.1878]),tensor([1.3921]),tensor([-4.1636]),tensor([0.8759]),tensor([0.5845]),tensor([1.4226]),tensor([-0.3803]),tensor([0.6633]),tensor([-1.5881]),tensor([1.2536]),tensor([1.0720]),tensor([1.3094]),tensor([0.8586]),tensor([-0.3724]),tensor([0.5125]),tensor([0.6117]),tensor([1.1266]),tensor([1.4195]),tensor([0.8470]),tensor([1.3020]),tensor([1.1953])
tensor([0.4352]),tensor([1.5612]),tensor([0.0401]),tensor([0.9121]),tensor([1.9267]),tensor([0.3369]),tensor([1.0070]),tensor([1.4520]),tensor([1.1038]),tensor([0.1141]),tensor([1.3367]),tensor([0.9113]),tensor([-3.7562]),tensor([-0.1054]),tensor([-0.1746]),tensor([1.1490]),tensor([-0.9950]),tensor([-3.3782]),tensor([0.8856]),tensor([0.6901]),tensor([1.2474]),tensor([-5.1060]),tensor([0.1677]),tensor([0.4199]),tensor([-0.9157]),tensor([1.1310]),tensor([-7.0321]),tensor([0.0473]),tensor([0.6541]),tensor([1.1089]),tensor([0.7930]),tensor([-0.3933]),tensor([1.2865]),tensor([0.0808]),tensor([-0.2209]),tensor([0.1613]),tensor([-2.2617]),tensor([0.0722]),tensor([1.0361]),tensor([0.6069]),tensor([1.2365]),tensor([-0.0587]),tensor([0.4210]),tensor([1.3722]),tensor([-4.0227]),tensor([0.9491]),tensor([1.0003]),tensor([-0.4223]),tensor([-0.5662]),tensor([0.5332]),tensor([0.7439]),tensor([-2.4025]),tensor([-2.1386]),tensor([0.3700]),tensor([0.1605]),tensor([0.9462]),tensor([-1.0385]),tensor([0.5057]),tensor([-1.5670]),tensor([0.4118]),tensor([0.4692]),tensor([0.4419]),tensor([0.7638]),tensor([0.0229])
tensor([0.6102]),tensor([1.3865]),tensor([0.3766]),tensor([1.4558]),tensor([1.0244]),tensor([1.3224]),tensor([0.1417]),tensor([1.2514]),tensor([0.5516]),tensor([-0.1952]),tensor([0.0920]),tensor([-2.2904]),tensor([0.9187]),tensor([0.6895]),tensor([1.1534]),tensor([1.4625]),tensor([1.3584]),tensor([1.2197]),tensor([-2.9835]),tensor([-1.8498]),tensor([1.1030]),tensor([-0.1836]),tensor([0.6926]),tensor([-3.5052]),tensor([-2.0231]),tensor([1.1125]),tensor([1.0330]),tensor([1.8653]),tensor([-0.2866]),tensor([1.5708]),tensor([0.6072]),tensor([1.2690]),tensor([1.5614]),tensor([0.8857]),tensor([1.0358]),tensor([-1.4584]),tensor([-6.4859]),tensor([0.7003]),tensor([0.2578]),tensor([0.9208]),tensor([0.3298]),tensor([-0.2031]),tensor([0.2433]),tensor([-3.0832]),tensor([-8.7986]),tensor([0.6608]),tensor([-3.0592]),tensor([1.6166]),tensor([-2.9394]),tensor([-3.0728]),tensor([0.4177]),tensor([1.1066]),tensor([0.7038]),tensor([1.5426]),tensor([-0.8818]),tensor([-0.0957]),tensor([1.7110]),tensor([0.0299]),tensor([1.5175]),tensor([0.4088]),tensor([-2.8896]),tensor([1.3508]),tensor([1.2542]),tensor([0.2295])
tensor([0.0665]),tensor([1.1334]),tensor([0.4654]),tensor([0.6976]),tensor([-3.2927]),tensor([0.5823]),tensor([0.7505]),tensor([1.8158]),tensor([1.6197]),tensor([0.8667]),tensor([0.3692]),tensor([0.5096]),tensor([-3.1085]),tensor([-0.1730]),tensor([1.1155]),tensor([-0.0829]),tensor([0.2110]),tensor([1.3856]),tensor([0.6193]),tensor([1.5353]),tensor([-2.3182]),tensor([-0.0125]),tensor([1.2305]),tensor([-3.6254]),tensor([0.5501]),tensor([-1.9163]),tensor([0.9447]),tensor([1.0423]),tensor([0.4834]),tensor([-2.5579]),tensor([-2.5981]),tensor([-1.1266]),tensor([0.3865]),tensor([0.5693]),tensor([0.8317]),tensor([1.1469]),tensor([1.0385]),tensor([-10.6169]),tensor([0.6787]),tensor([-5.4490]),tensor([0.6322]),tensor([1.1043]),tensor([1.0055]),tensor([-2.2386]),tensor([1.3933]),tensor([-4.2008]),tensor([0.9103]),tensor([0.6160]),tensor([1.4525]),tensor([-0.4095]),tensor([0.6969]),tensor([-1.6561]),tensor([1.2617]),tensor([1.0756]),tensor([1.3349]),tensor([0.9044]),tensor([-0.3699]),tensor([0.5526]),tensor([0.6114]),tensor([1.1600]),tensor([1.4070]),tensor([0.8786]),tensor([1.3485]),tensor([1.2286])
tensor([0.4391]),tensor([1.5319]),tensor([0.0658]),tensor([0.9589]),tensor([1.9000]),tensor([0.3293]),tensor([1.0219]),tensor([1.4694]),tensor([1.0941]),tensor([0.1005]),tensor([1.3161]),tensor([0.9656]),tensor([-3.8901]),tensor([-0.0659]),tensor([-0.1572]),tensor([1.2388]),tensor([-0.9532]),tensor([-3.4345]),tensor([0.8899]),tensor([0.6982]),tensor([1.2519]),tensor([-5.2719]),tensor([0.1807]),tensor([0.4497]),tensor([-0.8618]),tensor([1.0982]),tensor([-7.1094]),tensor([0.0163]),tensor([0.6521]),tensor([1.0780]),tensor([0.7921]),tensor([-0.4110]),tensor([1.2855]),tensor([0.0899]),tensor([-0.2458]),tensor([0.1743]),tensor([-2.2982]),tensor([0.1214]),tensor([1.0107]),tensor([0.6389]),tensor([1.2378]),tensor([-0.0717]),tensor([0.5037]),tensor([1.3893]),tensor([-4.1915]),tensor([0.9861]),tensor([1.0502]),tensor([-0.4605]),tensor([-0.5124]),tensor([0.5295]),tensor([0.7480]),tensor([-2.5165]),tensor([-2.1709]),tensor([0.3869]),tensor([0.1791]),tensor([0.9059]),tensor([-1.0500]),tensor([0.5340]),tensor([-1.5032]),tensor([0.4499]),tensor([0.5562]),tensor([0.5112]),tensor([0.7667]),tensor([0.0495])
tensor([0.6091]),tensor([1.4055]),tensor([0.4094]),tensor([1.4941]),tensor([1.0527]),tensor([1.2807]),tensor([0.1737]),tensor([1.2405]),tensor([0.5092]),tensor([-0.1567]),tensor([0.1124]),tensor([-2.4142]),tensor([0.9436]),tensor([0.7651]),tensor([1.1383]),tensor([1.4774]),tensor([1.3854]),tensor([1.2393]),tensor([-3.1536]),tensor([-1.9113]),tensor([1.1340]),tensor([-0.1261]),tensor([0.7014]),tensor([-3.4871]),tensor([-2.1204]),tensor([1.0999]),tensor([1.0670]),tensor([1.8890]),tensor([-0.2084]),tensor([1.5960]),tensor([0.6261]),tensor([1.2706]),tensor([1.5990]),tensor([0.8985]),tensor([1.0833]),tensor([-1.5195]),tensor([-6.5282]),tensor([0.7143]),tensor([0.2896]),tensor([0.9396]),tensor([0.3292]),tensor([-0.1774]),tensor([0.2757]),tensor([-3.1931]),tensor([-8.8854]),tensor([0.7011]),tensor([-3.1576]),tensor([1.6440]),tensor([-2.9464]),tensor([-3.1110]),tensor([0.4627]),tensor([1.0663]),tensor([0.7311]),tensor([1.5107]),tensor([-0.9227]),tensor([-0.1162]),tensor([1.7712]),tensor([0.0457]),tensor([1.5463]),tensor([0.4418]),tensor([-2.9922]),tensor([1.3703]),tensor([1.2904]),tensor([0.2638])
tensor([0.0843]),tensor([1.1522]),tensor([0.4807]),tensor([0.7082]),tensor([-3.3602]),tensor([0.6119]),tensor([0.7874]),tensor([1.8310]),tensor([1.6371]),tensor([0.8877]),tensor([0.4143]),tensor([0.4681]),tensor([-3.1798]),tensor([-0.1530]),tensor([1.1247]),tensor([-0.1179]),tensor([0.1989]),tensor([1.4401]),tensor([0.6236]),tensor([1.5327]),tensor([-2.3514]),tensor([0.0135]),tensor([1.2380]),tensor([-3.6260]),tensor([0.5551]),tensor([-1.9653]),tensor([0.9406]),tensor([1.0291]),tensor([0.5105]),tensor([-2.6362]),tensor([-2.6067]),tensor([-1.1546]),tensor([0.3563]),tensor([0.5487]),tensor([0.8269]),tensor([1.1397]),tensor([1.0763]),tensor([-10.6221]),tensor([0.7036]),tensor([-5.6410]),tensor([0.6816]),tensor([1.1065]),tensor([1.0283]),tensor([-2.2728]),tensor([1.3817]),tensor([-4.1703]),tensor([0.9325]),tensor([0.6402]),tensor([1.4699]),tensor([-0.4408]),tensor([0.7242]),tensor([-1.7149]),tensor([1.2519]),tensor([1.0947]),tensor([1.3681]),tensor([0.9486]),tensor([-0.3718]),tensor([0.5842]),tensor([0.6012]),tensor([1.1860]),tensor([1.3873]),tensor([0.8987]),tensor([1.3897]),tensor([1.2561])
tensor([0.4352]),tensor([1.5063]),tensor([0.0959]),tensor([1.0016]),tensor([1.8696]),tensor([0.3177]),tensor([1.0396]),tensor([1.4894]),tensor([1.0800]),tensor([0.0919]),tensor([1.2943]),tensor([1.0099]),tensor([-4.0023]),tensor([-0.0107]),tensor([-0.1434]),tensor([1.3055]),tensor([-0.9170]),tensor([-3.4559]),tensor([0.8885]),tensor([0.7181]),tensor([1.2503]),tensor([-5.4205]),tensor([0.1930]),tensor([0.4819]),tensor([-0.8148]),tensor([1.0695]),tensor([-7.1287]),tensor([-0.0189]),tensor([0.6477]),tensor([1.0512]),tensor([0.7830]),tensor([-0.4349]),tensor([1.2779]),tensor([0.0941]),tensor([-0.2854]),tensor([0.1791]),tensor([-2.3215]),tensor([0.1649]),tensor([0.9932]),tensor([0.6576]),tensor([1.2478]),tensor([-0.0897]),tensor([0.5453]),tensor([1.4245]),tensor([-4.3551]),tensor([1.0202]),tensor([1.0921]),tensor([-0.4988]),tensor([-0.4614]),tensor([0.5226]),tensor([0.7612]),tensor([-2.6191]),tensor([-2.1815]),tensor([0.4034]),tensor([0.2021]),tensor([0.8645]),tensor([-1.0634]),tensor([0.5564]),tensor([-1.4308]),tensor([0.4833]),tensor([0.6033]),tensor([0.5715]),tensor([0.7664]),tensor([0.0695])
tensor([0.6012]),tensor([1.4001]),tensor([0.4418]),tensor([1.5224]),tensor([1.0842]),tensor([1.2395]),tensor([0.2067]),tensor([1.2151]),tensor([0.4626]),tensor([-0.1350]),tensor([0.1269]),tensor([-2.5329]),tensor([0.9641]),tensor([0.8257]),tensor([1.1424]),tensor([1.4734]),tensor([1.3966]),tensor([1.2484]),tensor([-3.2904]),tensor([-1.9655]),tensor([1.1582]),tensor([-0.0787]),tensor([0.6985]),tensor([-3.4207]),tensor([-2.2068]),tensor([1.0922]),tensor([1.0943]),tensor([1.9028]),tensor([-0.1287]),tensor([1.6265]),tensor([0.6391]),tensor([1.2595]),tensor([1.6284]),tensor([0.8971]),tensor([1.1227]),tensor([-1.5722]),tensor([-6.4748]),tensor([0.7201]),tensor([0.3146]),tensor([0.9447]),tensor([0.3316]),tensor([-0.1584]),tensor([0.3046]),tensor([-3.2918]),tensor([-8.9497]),tensor([0.7298]),tensor([-3.2574]),tensor([1.6595]),tensor([-2.9082]),tensor([-3.0921]),tensor([0.5009]),tensor([1.0256]),tensor([0.7539]),tensor([1.4764]),tensor([-0.9583]),tensor([-0.1340]),tensor([1.8098]),tensor([0.0520]),tensor([1.5553]),tensor([0.4674]),tensor([-3.0858]),tensor([1.3764]),tensor([1.3241]),tensor([0.2915])
tensor([0.1168]),tensor([1.1745]),tensor([0.4886]),tensor([0.7232]),tensor([-3.4157]),tensor([0.6303]),tensor([0.8354]),tensor([1.8432]),tensor([1.6469]),tensor([0.9066]),tensor([0.4740]),tensor([0.4183]),tensor([-3.2488]),tensor([-0.1229]),tensor([1.1242]),tensor([-0.1384]),tensor([0.1774]),tensor([1.4968]),tensor([0.6273]),tensor([1.5361]),tensor([-2.3853]),tensor([0.0396]),tensor([1.2370]),tensor([-3.6681]),tensor([0.5609]),tensor([-2.0117]),tensor([0.9501]),tensor([1.0177]),tensor([0.5423]),tensor([-2.7044]),tensor([-2.5907]),tensor([-1.1905]),tensor([0.3350]),tensor([0.5358]),tensor([0.8250]),tensor([1.1435]),tensor([1.1200]),tensor([-10.6648]),tensor([0.7259]),tensor([-5.8150]),tensor([0.7351]),tensor([1.1119]),tensor([1.0322]),tensor([-2.3119]),tensor([1.3653]),tensor([-4.1646]),tensor([0.9517]),tensor([0.6680]),tensor([1.4848]),tensor([-0.4664]),tensor([0.7410]),tensor([-1.7709]),tensor([1.2498]),tensor([1.1063]),tensor([1.3902]),tensor([0.9924]),tensor([-0.3696]),tensor([0.6271]),tensor([0.5994]),tensor([1.2121]),tensor([1.3735]),tensor([0.9189]),tensor([1.4207]),tensor([1.2746])
tensor([0.4319]),tensor([1.4834]),tensor([0.1338]),tensor([1.0510]),tensor([1.8277]),tensor([0.3066]),tensor([1.0493]),tensor([1.5153]),tensor([1.0728]),tensor([0.0987]),tensor([1.2714]),tensor([1.0411]),tensor([-4.0958]),tensor([0.0288]),tensor([-0.1269]),tensor([1.3663]),tensor([-0.8906]),tensor([-3.4693]),tensor([0.8753]),tensor([0.7391]),tensor([1.2450]),tensor([-5.5702]),tensor([0.2161]),tensor([0.4961]),tensor([-0.7756]),tensor([1.0376]),tensor([-7.1869]),tensor([-0.0477]),tensor([0.6400]),tensor([1.0249]),tensor([0.7850]),tensor([-0.4621]),tensor([1.2689]),tensor([0.0937]),tensor([-0.3187]),tensor([0.1883]),tensor([-2.3291]),tensor([0.1899]),tensor([0.9677]),tensor([0.6779]),tensor([1.2619]),tensor([-0.0968]),tensor([0.5952]),tensor([1.4155]),tensor([-4.5136]),tensor([1.0411]),tensor([1.1317]),tensor([-0.5218]),tensor([-0.4111]),tensor([0.5259]),tensor([0.7804]),tensor([-2.7125]),tensor([-2.1808]),tensor([0.4227]),tensor([0.2331]),tensor([0.8347]),tensor([-1.0707]),tensor([0.5805]),tensor([-1.3614]),tensor([0.5120]),tensor([0.6594]),tensor([0.6312]),tensor([0.7716]),tensor([0.0887])
tensor([0.5957]),tensor([1.4106]),tensor([0.4840]),tensor([1.5522]),tensor([1.1192]),tensor([1.1957]),tensor([0.2544]),tensor([1.1881]),tensor([0.4246]),tensor([-0.0978]),tensor([0.1607]),tensor([-2.6395]),tensor([0.9888]),tensor([0.8924]),tensor([1.1287]),tensor([1.4770]),tensor([1.4095]),tensor([1.2552]),tensor([-3.4268]),tensor([-2.0210]),tensor([1.1844]),tensor([-0.0320]),tensor([0.6992]),tensor([-3.3877]),tensor([-2.2883]),tensor([1.0683]),tensor([1.1298]),tensor([1.8996]),tensor([-0.0525]),tensor([1.6572]),tensor([0.6569]),tensor([1.2567]),tensor([1.6684]),tensor([0.8974]),tensor([1.1611]),tensor([-1.6242]),tensor([-6.4344]),tensor([0.7268]),tensor([0.3418]),tensor([0.9532]),tensor([0.3239]),tensor([-0.1577]),tensor([0.3285]),tensor([-3.3785]),tensor([-9.0510]),tensor([0.7617]),tensor([-3.3412]),tensor([1.6712]),tensor([-2.8870]),tensor([-3.1011]),tensor([0.5293]),tensor([0.9888]),tensor([0.7729]),tensor([1.4396]),tensor([-0.9887]),tensor([-0.1485]),tensor([1.8409]),tensor([0.0628]),tensor([1.5740]),tensor([0.4845]),tensor([-3.1674]),tensor([1.3796]),tensor([1.3582]),tensor([0.3388])
tensor([0.1400]),tensor([1.1925]),tensor([0.4980]),tensor([0.7266]),tensor([-3.4657]),tensor([0.6550]),tensor([0.8728]),tensor([1.8525]),tensor([1.6585]),tensor([0.9227]),tensor([0.5137]),tensor([0.3781]),tensor([-3.3019]),tensor([-0.1031]),tensor([1.1278]),tensor([-0.1717]),tensor([0.1571]),tensor([1.5395]),tensor([0.6366]),tensor([1.5369]),tensor([-2.4126]),tensor([0.0663]),tensor([1.2390]),tensor([-3.6915]),tensor([0.5667]),tensor([-2.0485]),tensor([0.9449]),tensor([1.0140]),tensor([0.5621]),tensor([-2.7694]),tensor([-2.5953]),tensor([-1.2260]),tensor([0.3098]),tensor([0.5175]),tensor([0.8242]),tensor([1.1416]),tensor([1.1606]),tensor([-10.6658]),tensor([0.7379]),tensor([-5.9687]),tensor([0.7783]),tensor([1.1176]),tensor([1.0380]),tensor([-2.3389]),tensor([1.3586]),tensor([-4.1445]),tensor([0.9727]),tensor([0.6990]),tensor([1.4977]),tensor([-0.5011]),tensor([0.7530]),tensor([-1.8249]),tensor([1.2335]),tensor([1.1220]),tensor([1.4111]),tensor([1.0307]),tensor([-0.3719]),tensor([0.6834]),tensor([0.5937]),tensor([1.2319]),tensor([1.3626]),tensor([0.9379]),tensor([1.4608]),tensor([1.2933])
tensor([0.4388]),tensor([1.4614]),tensor([0.1626]),tensor([1.0818]),tensor([1.7994]),tensor([0.2802]),tensor([1.0593]),tensor([1.5332]),tensor([1.0668]),tensor([0.1079]),tensor([1.2528]),tensor([1.0708]),tensor([-4.1992]),tensor([0.0650]),tensor([-0.1047]),tensor([1.4224]),tensor([-0.8668]),tensor([-3.4787]),tensor([0.8639]),tensor([0.7570]),tensor([1.2452]),tensor([-5.6941]),tensor([0.2299]),tensor([0.5065]),tensor([-0.7276]),tensor([1.0182]),tensor([-7.2019]),tensor([-0.0659]),tensor([0.6340]),tensor([1.0119]),tensor([0.7819]),tensor([-0.4859]),tensor([1.2716]),tensor([0.0884]),tensor([-0.3581]),tensor([0.1941]),tensor([-2.3417]),tensor([0.2169]),tensor([0.9519]),tensor([0.7017]),tensor([1.2680]),tensor([-0.1152]),tensor([0.6373]),tensor([1.4345]),tensor([-4.6515]),tensor([1.0699]),tensor([1.1673]),tensor([-0.5572]),tensor([-0.3581]),tensor([0.5238]),tensor([0.8050]),tensor([-2.8197]),tensor([-2.2098]),tensor([0.4403]),tensor([0.2580]),tensor([0.8028]),tensor([-1.0780]),tensor([0.5981]),tensor([-1.2917]),tensor([0.5452]),tensor([0.6962]),tensor([0.6859]),tensor([0.7590]),tensor([0.1064])
tensor([0.5855]),tensor([1.4437]),tensor([0.5146]),tensor([1.5823]),tensor([1.1436]),tensor([1.1653]),tensor([0.2915]),tensor([1.1624]),tensor([0.3765]),tensor([-0.0791]),tensor([0.1757]),tensor([-2.7371]),tensor([1.0104]),tensor([0.9490]),tensor([1.1268]),tensor([1.4733]),tensor([1.4199]),tensor([1.2628]),tensor([-3.5614]),tensor([-2.0841]),tensor([1.2017]),tensor([0.0101]),tensor([0.7042]),tensor([-3.3387]),tensor([-2.3600]),tensor([1.0567]),tensor([1.1584]),tensor([1.9128]),tensor([0.0203]),tensor([1.6837]),tensor([0.6676]),tensor([1.2377]),tensor([1.6943]),tensor([0.8954]),tensor([1.1846]),tensor([-1.6665]),tensor([-6.3622]),tensor([0.7302]),tensor([0.3646]),tensor([0.9627]),tensor([0.3160]),tensor([-0.1536]),tensor([0.3512]),tensor([-3.4578]),tensor([-9.1076]),tensor([0.7862]),tensor([-3.4158]),tensor([1.6800]),tensor([-2.8462]),tensor([-3.0812]),tensor([0.5629]),tensor([0.9501]),tensor([0.7911]),tensor([1.4078]),tensor([-1.0161]),tensor([-0.1610]),tensor([1.8609]),tensor([0.0614]),tensor([1.5827]),tensor([0.5127]),tensor([-3.2631]),tensor([1.3782]),tensor([1.3856]),tensor([0.3642])
tensor([0.1797]),tensor([1.2128]),tensor([0.5006]),tensor([0.7365]),tensor([-3.5043]),tensor([0.6739]),tensor([0.9152]),tensor([1.8608]),tensor([1.6765]),tensor([0.9375]),tensor([0.5709]),tensor([0.3400]),tensor([-3.3507]),tensor([-0.0781]),tensor([1.1195]),tensor([-0.1915]),tensor([0.1337]),tensor([1.5675]),tensor([0.6457]),tensor([1.5345]),tensor([-2.4546]),tensor([0.0839]),tensor([1.2391]),tensor([-3.7329]),tensor([0.5784]),tensor([-2.0835]),tensor([0.9505]),tensor([1.0104]),tensor([0.5804]),tensor([-2.8228]),tensor([-2.5808]),tensor([-1.2614]),tensor([0.2892]),tensor([0.5060]),tensor([0.8325]),tensor([1.1428]),tensor([1.1972]),tensor([-10.6799]),tensor([0.7575]),tensor([-6.1005]),tensor([0.8217]),tensor([1.1197]),tensor([1.0300]),tensor([-2.3667]),tensor([1.3426]),tensor([-4.1487]),tensor([0.9823]),tensor([0.7246]),tensor([1.5095]),tensor([-0.5230]),tensor([0.7596]),tensor([-1.8717]),tensor([1.2271]),tensor([1.1378]),tensor([1.4283]),tensor([1.0656]),tensor([-0.3653]),tensor([0.7289]),tensor([0.5883]),tensor([1.2505]),tensor([1.3528]),tensor([0.9518]),tensor([1.4858]),tensor([1.3037])
tensor([0.4495]),tensor([1.4440]),tensor([0.1969]),tensor([1.1170]),tensor([1.7641]),tensor([0.2650]),tensor([1.0619]),tensor([1.5481]),tensor([1.0614]),tensor([0.1230]),tensor([1.2377]),tensor([1.0849]),tensor([-4.2822]),tensor([0.0857]),tensor([-0.0795]),tensor([1.4674]),tensor([-0.8478]),tensor([-3.4695]),tensor([0.8507]),tensor([0.7817]),tensor([1.2400]),tensor([-5.8248]),tensor([0.2518]),tensor([0.5059]),tensor([-0.6960]),tensor([0.9993]),tensor([-7.2698]),tensor([-0.0899]),tensor([0.6270]),tensor([0.9912]),tensor([0.7984]),tensor([-0.5221]),tensor([1.2744]),tensor([0.0931]),tensor([-0.3937]),tensor([0.2011]),tensor([-2.3316]),tensor([0.2211]),tensor([0.9416]),tensor([0.7229]),tensor([1.2735]),tensor([-0.1311]),tensor([0.6724]),tensor([1.4459]),tensor([-4.7891]),tensor([1.0919]),tensor([1.1962]),tensor([-0.5728]),tensor([-0.3110]),tensor([0.5329]),tensor([0.8352]),tensor([-2.9119]),tensor([-2.2109]),tensor([0.4577]),tensor([0.2867]),tensor([0.7763]),tensor([-1.0735]),tensor([0.6200]),tensor([-1.2290]),tensor([0.5654]),tensor([0.7257]),tensor([0.7414]),tensor([0.7580]),tensor([0.1172])
tensor([0.5786]),tensor([1.4712]),tensor([0.5538]),tensor([1.6079]),tensor([1.1735]),tensor([1.1355]),tensor([0.3440]),tensor([1.1360]),tensor([0.3359]),tensor([-0.0453]),tensor([0.2137]),tensor([-2.8244]),tensor([1.0376]),tensor([1.0047]),tensor([1.1218]),tensor([1.4722]),tensor([1.4237]),tensor([1.2656]),tensor([-3.6826]),tensor([-2.1455]),tensor([1.2272]),tensor([0.0490]),tensor([0.7081]),tensor([-3.3191]),tensor([-2.4251]),tensor([1.0508]),tensor([1.1917]),tensor([1.9128]),tensor([0.0831]),tensor([1.7072]),tensor([0.6803]),tensor([1.2318]),tensor([1.7126]),tensor([0.8933]),tensor([1.2176]),tensor([-1.7140]),tensor([-6.3011]),tensor([0.7268]),tensor([0.3839]),tensor([0.9670]),tensor([0.3037]),tensor([-0.1675]),tensor([0.3659]),tensor([-3.5236]),tensor([-9.1767]),tensor([0.8129]),tensor([-3.4806]),tensor([1.6889]),tensor([-2.8237]),tensor([-3.0837]),tensor([0.5873]),tensor([0.9211]),tensor([0.8061]),tensor([1.3784]),tensor([-1.0424]),tensor([-0.1689]),tensor([1.8641]),tensor([0.0681]),tensor([1.5962]),tensor([0.5229]),tensor([-3.3359]),tensor([1.3679]),tensor([1.4142]),tensor([0.4113])
tensor([0.2060]),tensor([1.2291]),tensor([0.5161]),tensor([0.7335]),tensor([-3.5379]),tensor([0.6854]),tensor([0.9493]),tensor([1.8555]),tensor([1.6868]),tensor([0.9533]),tensor([0.6077]),tensor([0.2953]),tensor([-3.3893]),tensor([-0.0612]),tensor([1.1224]),tensor([-0.2151]),tensor([0.1227]),tensor([1.5945]),tensor([0.6604]),tensor([1.5312]),tensor([-2.4850]),tensor([0.1121]),tensor([1.2451]),tensor([-3.7754]),tensor([0.5925]),tensor([-2.1250]),tensor([0.9422]),tensor([1.0074]),tensor([0.5928]),tensor([-2.8779]),tensor([-2.5657]),tensor([-1.2977]),tensor([0.2721]),tensor([0.4979]),tensor([0.8347]),tensor([1.1489]),tensor([1.2323]),tensor([-10.7196]),tensor([0.7741]),tensor([-6.2095]),tensor([0.8617]),tensor([1.1232]),tensor([1.0316]),tensor([-2.3649]),tensor([1.3384]),tensor([-4.1565]),tensor([0.9998]),tensor([0.7462]),tensor([1.5210]),tensor([-0.5463]),tensor([0.7701]),tensor([-1.9228]),tensor([1.2156]),tensor([1.1570]),tensor([1.4438]),tensor([1.0964]),tensor([-0.3596]),tensor([0.7724]),tensor([0.5834]),tensor([1.2706]),tensor([1.3462]),tensor([0.9637]),tensor([1.5128]),tensor([1.3213])
tensor([0.4581]),tensor([1.4155]),tensor([0.2219]),tensor([1.1399]),tensor([1.7431]),tensor([0.2354]),tensor([1.0661]),tensor([1.5505]),tensor([1.0604]),tensor([0.1380]),tensor([1.2254]),tensor([1.0935]),tensor([-4.3829]),tensor([0.0960]),tensor([-0.0477]),tensor([1.5130]),tensor([-0.8249]),tensor([-3.4829]),tensor([0.8416]),tensor([0.8065]),tensor([1.2406]),tensor([-5.9415]),tensor([0.2615]),tensor([0.5130]),tensor([-0.6459]),tensor([0.9901]),tensor([-7.3077]),tensor([-0.0906]),tensor([0.6199]),tensor([0.9803]),tensor([0.7955]),tensor([-0.5411]),tensor([1.2886]),tensor([0.0761]),tensor([-0.4232]),tensor([0.2171]),tensor([-2.3169]),tensor([0.2184]),tensor([0.9435]),tensor([0.7495]),tensor([1.2692]),tensor([-0.1422]),tensor([0.7049]),tensor([1.4567]),tensor([-4.9133]),tensor([1.1203]),tensor([1.2274]),tensor([-0.6076]),tensor([-0.2641]),tensor([0.5382]),tensor([0.8689]),tensor([-2.9975]),tensor([-2.2331]),tensor([0.4686]),tensor([0.3078]),tensor([0.7517]),tensor([-1.0671]),tensor([0.6387]),tensor([-1.1634]),tensor([0.5968]),tensor([0.7404]),tensor([0.7950]),tensor([0.7385]),tensor([0.1387])
tensor([0.5661]),tensor([1.4979]),tensor([0.5899]),tensor([1.6425]),tensor([1.1995]),tensor([1.0994]),tensor([0.3825]),tensor([1.1141]),tensor([0.3092]),tensor([-0.0111]),tensor([0.2329]),tensor([-2.9034]),tensor([1.0538]),tensor([1.0525]),tensor([1.1035]),tensor([1.4691]),tensor([1.4336]),tensor([1.2665]),tensor([-3.7935]),tensor([-2.2033]),tensor([1.2328]),tensor([0.0915]),tensor([0.7198]),tensor([-3.3160]),tensor([-2.4846]),tensor([1.0432]),tensor([1.2230]),tensor([1.9180]),tensor([0.1545]),tensor([1.7124]),tensor([0.6905]),tensor([1.2155]),tensor([1.7267]),tensor([0.8944]),tensor([1.2410]),tensor([-1.7500]),tensor([-6.2151]),tensor([0.7400]),tensor([0.4008]),tensor([0.9798]),tensor([0.2888]),tensor([-0.1800]),tensor([0.3767]),tensor([-3.5836]),tensor([-9.2559]),tensor([0.8397]),tensor([-3.5360]),tensor([1.7032]),tensor([-2.7889]),tensor([-3.0682]),tensor([0.6241]),tensor([0.8954]),tensor([0.8164]),tensor([1.3537]),tensor([-1.0702]),tensor([-0.1682]),tensor([1.8668]),tensor([0.0777]),tensor([1.6016]),tensor([0.5413]),tensor([-3.4209]),tensor([1.3584]),tensor([1.4371]),tensor([0.4387])
tensor([0.2450]),tensor([1.2491]),tensor([0.5287]),tensor([0.7325]),tensor([-3.5630]),tensor([0.6894]),tensor([0.9941]),tensor([1.8445]),tensor([1.6922]),tensor([0.9725]),tensor([0.6595]),tensor([0.2563]),tensor([-3.4322]),tensor([-0.0356]),tensor([1.1109]),tensor([-0.2371]),tensor([0.1062]),tensor([1.6096]),tensor([0.6751]),tensor([1.5265]),tensor([-2.5285]),tensor([0.1246]),tensor([1.2422]),tensor([-3.8169]),tensor([0.6054]),tensor([-2.1648]),tensor([0.9513]),tensor([1.0065]),tensor([0.6007]),tensor([-2.9285]),tensor([-2.5386]),tensor([-1.3253]),tensor([0.2597]),tensor([0.4926]),tensor([0.8453]),tensor([1.1531]),tensor([1.2673]),tensor([-10.7568]),tensor([0.7861]),tensor([-6.2878]),tensor([0.9010]),tensor([1.1254]),tensor([1.0169]),tensor([-2.3639]),tensor([1.3315]),tensor([-4.1517]),tensor([1.0128]),tensor([0.7668]),tensor([1.5371]),tensor([-0.5645]),tensor([0.7680]),tensor([-1.9692]),tensor([1.2077]),tensor([1.1718]),tensor([1.4554]),tensor([1.1283]),tensor([-0.3606]),tensor([0.8145]),tensor([0.5723]),tensor([1.2874]),tensor([1.3417]),tensor([0.9783]),tensor([1.5226]),tensor([1.3268])
tensor([0.4703]),tensor([1.3804]),tensor([0.2622]),tensor([1.1660]),tensor([1.7119]),tensor([0.2113]),tensor([1.0686]),tensor([1.5497]),tensor([1.0594]),tensor([0.1688]),tensor([1.2090]),tensor([1.0874]),tensor([-4.4489]),tensor([0.0891]),tensor([-0.0260]),tensor([1.5441]),tensor([-0.8219]),tensor([-3.4649]),tensor([0.8297]),tensor([0.8381]),tensor([1.2374]),tensor([-6.0634]),tensor([0.2913]),tensor([0.5031]),tensor([-0.6086]),tensor([0.9713]),tensor([-7.3437]),tensor([-0.0922]),tensor([0.6223]),tensor([0.9707]),tensor([0.8171]),tensor([-0.5805]),tensor([1.2934]),tensor([0.0579]),tensor([-0.4622]),tensor([0.2322]),tensor([-2.2844]),tensor([0.1979]),tensor([0.9341]),tensor([0.7681]),tensor([1.2628]),tensor([-0.1430]),tensor([0.7358]),tensor([1.4324]),tensor([-5.0536]),tensor([1.1389]),tensor([1.2533]),tensor([-0.6122]),tensor([-0.2239]),tensor([0.5590]),tensor([0.9026]),tensor([-3.0708]),tensor([-2.2322]),tensor([0.4868]),tensor([0.3481]),tensor([0.7410]),tensor([-1.0654]),tensor([0.6551]),tensor([-1.1023]),tensor([0.6239]),tensor([0.7604]),tensor([0.8413]),tensor([0.7291]),tensor([0.1545])
tensor([0.5629]),tensor([1.5214]),tensor([0.6258]),tensor([1.6610]),tensor([1.2275]),tensor([1.0656]),tensor([0.4392]),tensor([1.0886]),tensor([0.2815]),tensor([0.0189]),tensor([0.2670]),tensor([-2.9788]),tensor([1.0753]),tensor([1.0990]),tensor([1.0825]),tensor([1.4737]),tensor([1.4359]),tensor([1.2628]),tensor([-3.8829]),tensor([-2.2634]),tensor([1.2497]),tensor([0.1299]),tensor([0.7271]),tensor([-3.3111]),tensor([-2.5412]),tensor([1.0333]),tensor([1.2603]),tensor([1.9100]),tensor([0.2118]),tensor([1.7108]),tensor([0.7032]),tensor([1.2123]),tensor([1.7372]),tensor([0.8886]),tensor([1.2606]),tensor([-1.7856]),tensor([-6.1130]),tensor([0.7428]),tensor([0.4194]),tensor([0.9891]),tensor([0.2751]),tensor([-0.2107]),tensor([0.3911]),tensor([-3.6416]),tensor([-9.3541]),tensor([0.8680]),tensor([-3.5920]),tensor([1.7118]),tensor([-2.7519]),tensor([-3.0495]),tensor([0.6389]),tensor([0.8769]),tensor([0.8278]),tensor([1.3286]),tensor([-1.0973]),tensor([-0.1568]),tensor([1.8503]),tensor([0.0889]),tensor([1.6227]),tensor([0.5423]),tensor([-3.4883]),tensor([1.3438]),tensor([1.4622]),tensor([0.4829])
tensor([0.2684]),tensor([1.2695]),tensor([0.5452]),tensor([0.7338]),tensor([-3.5875]),tensor([0.7034]),tensor([1.0238]),tensor([1.8471]),tensor([1.7021]),tensor([0.9863]),tensor([0.6856]),tensor([0.2275]),tensor([-3.4667]),tensor([-0.0129]),tensor([1.1099]),tensor([-0.2654]),tensor([0.0944]),tensor([1.6153]),tensor([0.6875]),tensor([1.5223]),tensor([-2.5681]),tensor([0.1461]),tensor([1.2423]),tensor([-3.8468]),tensor([0.6098]),tensor([-2.1916]),tensor([0.9407]),tensor([1.0032]),tensor([0.6073]),tensor([-2.9788]),tensor([-2.5155]),tensor([-1.3527]),tensor([0.2459]),tensor([0.4864]),tensor([0.8461]),tensor([1.1595]),tensor([1.2960]),tensor([-10.7775]),tensor([0.7934]),tensor([-6.3627]),tensor([0.9361]),tensor([1.1306]),tensor([1.0134]),tensor([-2.3648]),tensor([1.3293]),tensor([-4.1465]),tensor([1.0274]),tensor([0.7861]),tensor([1.5476]),tensor([-0.5960]),tensor([0.7703]),tensor([-2.0123]),tensor([1.1973]),tensor([1.1846]),tensor([1.4671]),tensor([1.1483]),tensor([-0.3538]),tensor([0.8545]),tensor([0.5714]),tensor([1.3042]),tensor([1.3381]),tensor([0.9845]),tensor([1.5394]),tensor([1.3379])
tensor([0.4838]),tensor([1.3617]),tensor([0.2867]),tensor([1.1824]),tensor([1.6964]),tensor([0.1870]),tensor([1.0612]),tensor([1.5506]),tensor([1.0527]),tensor([0.1819]),tensor([1.1959]),tensor([1.1012]),tensor([-4.5284]),tensor([0.0941]),tensor([0.0105]),tensor([1.5902]),tensor([-0.8031]),tensor([-3.4723]),tensor([0.8215]),tensor([0.8588]),tensor([1.2357]),tensor([-6.1543]),tensor([0.2999]),tensor([0.5013]),tensor([-0.5579]),tensor([0.9700]),tensor([-7.3862]),tensor([-0.0817]),tensor([0.6180]),tensor([0.9665]),tensor([0.8165]),tensor([-0.6063]),tensor([1.3104]),tensor([0.0355]),tensor([-0.4900]),tensor([0.2510]),tensor([-2.2584]),tensor([0.1829]),tensor([0.9335]),tensor([0.7963]),tensor([1.2696]),tensor([-0.1464]),tensor([0.7426]),tensor([1.4294]),tensor([-5.1561]),tensor([1.1686]),tensor([1.2800]),tensor([-0.6461]),tensor([-0.1840]),tensor([0.5689]),tensor([0.9340]),tensor([-3.1576]),tensor([-2.2472]),tensor([0.4809]),tensor([0.3688]),tensor([0.7262]),tensor([-1.0703]),tensor([0.6712]),tensor([-1.0453]),tensor([0.6482]),tensor([0.7543]),tensor([0.8867]),tensor([0.7211]),tensor([0.1744])
tensor([0.5431]),tensor([1.5522]),tensor([0.6608]),tensor([1.6819]),tensor([1.2478]),tensor([1.0364]),tensor([0.4670]),tensor([1.0633]),tensor([0.2562]),tensor([0.0462]),tensor([0.2775]),tensor([-3.0383]),tensor([1.0878]),tensor([1.1435]),tensor([1.0762]),tensor([1.4685]),tensor([1.4369]),tensor([1.2571]),tensor([-3.9667]),tensor([-2.3121]),tensor([1.2471]),tensor([0.1641]),tensor([0.7437]),tensor([-3.2981]),tensor([-2.5823]),tensor([1.0277]),tensor([1.2893]),tensor([1.9063]),tensor([0.2818]),tensor([1.7212]),tensor([0.7120]),tensor([1.1971]),tensor([1.7400]),tensor([0.8815]),tensor([1.2730]),tensor([-1.8112]),tensor([-6.0115]),tensor([0.7514]),tensor([0.4310]),tensor([0.9970]),tensor([0.2582]),tensor([-0.2306]),tensor([0.3919]),tensor([-3.6921]),tensor([-9.4230]),tensor([0.8943]),tensor([-3.6340]),tensor([1.7176]),tensor([-2.7106]),tensor([-3.0267]),tensor([0.6598]),tensor([0.8590]),tensor([0.8303]),tensor([1.3083]),tensor([-1.1127]),tensor([-0.1496]),tensor([1.8470]),tensor([0.0999]),tensor([1.6242]),tensor([0.5515]),tensor([-3.5590]),tensor([1.3422]),tensor([1.4732]),tensor([0.5024])
tensor([0.3052]),tensor([1.2849]),tensor([0.5526]),tensor([0.7355]),tensor([-3.5984]),tensor([0.7073]),tensor([1.0568]),tensor([1.8404]),tensor([1.7110]),tensor([1.0014]),tensor([0.7247]),tensor([0.1921]),tensor([-3.4984]),tensor([0.0107]),tensor([1.1003]),tensor([-0.2917]),tensor([0.0738]),tensor([1.6187]),tensor([0.6995]),tensor([1.5146]),tensor([-2.6117]),tensor([0.1566]),tensor([1.2394]),tensor([-3.8787]),tensor([0.6113]),tensor([-2.2125]),tensor([0.9379]),tensor([0.9964]),tensor([0.6155]),tensor([-3.0212]),tensor([-2.4664]),tensor([-1.3719]),tensor([0.2324]),tensor([0.4821]),tensor([0.8494]),tensor([1.1600]),tensor([1.3235]),tensor([-10.8035]),tensor([0.8035]),tensor([-6.4190]),tensor([0.9711]),tensor([1.1362]),tensor([1.0075]),tensor([-2.3556]),tensor([1.3158]),tensor([-4.1530]),tensor([1.0380]),tensor([0.7988]),tensor([1.5537]),tensor([-0.6217]),tensor([0.7702]),tensor([-2.0491]),tensor([1.1916]),tensor([1.2028]),tensor([1.4819]),tensor([1.1718]),tensor([-0.3430]),tensor([0.8891]),tensor([0.5629]),tensor([1.3211]),tensor([1.3327]),tensor([0.9905]),tensor([1.5446]),tensor([1.3454])
tensor([0.4835]),tensor([1.3299]),tensor([0.3204]),tensor([1.2108]),tensor([1.6637]),tensor([0.1754]),tensor([1.0664]),tensor([1.5416]),tensor([1.0483]),tensor([0.2090]),tensor([1.1816]),tensor([1.1021]),tensor([-4.5833]),tensor([0.0893]),tensor([0.0390]),tensor([1.6163]),tensor([-0.7850]),tensor([-3.4530]),tensor([0.8099]),tensor([0.8988]),tensor([1.2280]),tensor([-6.2564]),tensor([0.3226]),tensor([0.4988]),tensor([-0.5273]),tensor([0.9548]),tensor([-7.4190]),tensor([-0.0852]),tensor([0.6098]),tensor([0.9478]),tensor([0.8228]),tensor([-0.6330]),tensor([1.3111]),tensor([0.0370]),tensor([-0.5251]),tensor([0.2634]),tensor([-2.2166]),tensor([0.1588]),tensor([0.9315]),tensor([0.8153]),tensor([1.2624]),tensor([-0.1361]),tensor([0.7604]),tensor([1.4098]),tensor([-5.2721]),tensor([1.1867]),tensor([1.3032]),tensor([-0.6587]),tensor([-0.1471]),tensor([0.5927]),tensor([0.9683]),tensor([-3.2289]),tensor([-2.2500]),tensor([0.4926]),tensor([0.4007]),tensor([0.7093]),tensor([-1.0793]),tensor([0.6813]),tensor([-0.9940]),tensor([0.6703]),tensor([0.7606]),tensor([0.9233]),tensor([0.7195]),tensor([0.1890])
tensor([0.5372]),tensor([1.5757]),tensor([0.6989]),tensor([1.6932]),tensor([1.2745]),tensor([1.0058]),tensor([0.5104]),tensor([1.0329]),tensor([0.2328]),tensor([0.0691]),tensor([0.3029]),tensor([-3.0921]),tensor([1.0998]),tensor([1.1868]),tensor([1.0603]),tensor([1.4652]),tensor([1.4335]),tensor([1.2476]),tensor([-4.0361]),tensor([-2.3622]),tensor([1.2575]),tensor([0.1954]),tensor([0.7508]),tensor([-3.3108]),tensor([-2.6192]),tensor([1.0209]),tensor([1.3226]),tensor([1.8955]),tensor([0.3366]),tensor([1.7197]),tensor([0.7248]),tensor([1.1950]),tensor([1.7430]),tensor([0.8715]),tensor([1.2910]),tensor([-1.8412]),tensor([-5.9265]),tensor([0.7593]),tensor([0.4483]),tensor([1.0041]),tensor([0.2467]),tensor([-0.2606]),tensor([0.3946]),tensor([-3.7355]),tensor([-9.4831]),tensor([0.9151]),tensor([-3.6674]),tensor([1.7221]),tensor([-2.6822]),tensor([-3.0146]),tensor([0.6778]),tensor([0.8465]),tensor([0.8371]),tensor([1.2847]),tensor([-1.1272]),tensor([-0.1407]),tensor([1.8322]),tensor([0.1141]),tensor([1.6346]),tensor([0.5519]),tensor([-3.6119]),tensor([1.3332]),tensor([1.4902]),tensor([0.5357])
tensor([0.3331]),tensor([1.3021]),tensor([0.5675]),tensor([0.7436]),tensor([-3.6162]),tensor([0.7175]),tensor([1.0812]),tensor([1.8384]),tensor([1.7224]),tensor([1.0152]),tensor([0.7448]),tensor([0.1721]),tensor([-3.5240]),tensor([0.0323]),tensor([1.0951]),tensor([-0.3141]),tensor([0.0577]),tensor([1.6196]),tensor([0.7114]),tensor([1.5097]),tensor([-2.6534]),tensor([0.1700]),tensor([1.2398]),tensor([-3.9083]),tensor([0.6179]),tensor([-2.2355]),tensor([0.9312]),tensor([0.9963]),tensor([0.6189]),tensor([-3.0644]),tensor([-2.4331]),tensor([-1.3898]),tensor([0.2130]),tensor([0.4698]),tensor([0.8588]),tensor([1.1630]),tensor([1.3496]),tensor([-10.8296]),tensor([0.8148]),tensor([-6.4769]),tensor([1.0022]),tensor([1.1453]),tensor([1.0012]),tensor([-2.3571]),tensor([1.3132]),tensor([-4.1604]),tensor([1.0445]),tensor([0.8137]),tensor([1.5674]),tensor([-0.6452]),tensor([0.7674]),tensor([-2.0892]),tensor([1.1860]),tensor([1.2128]),tensor([1.4898]),tensor([1.1907]),tensor([-0.3346]),tensor([0.9205]),tensor([0.5632]),tensor([1.3353]),tensor([1.3312]),tensor([0.9979]),tensor([1.5578]),tensor([1.3526])
tensor([0.5034]),tensor([1.3116]),tensor([0.3427]),tensor([1.2195]),tensor([1.6541]),tensor([0.1646]),tensor([1.0525]),tensor([1.5450]),tensor([1.0512]),tensor([0.2299]),tensor([1.1784]),tensor([1.1191]),tensor([-4.6637]),tensor([0.0922]),tensor([0.0800]),tensor([1.6481]),tensor([-0.7751]),tensor([-3.4539]),tensor([0.8023]),tensor([0.9119]),tensor([1.2289]),tensor([-6.3422]),tensor([0.3319]),tensor([0.4913]),tensor([-0.4969]),tensor([0.9541]),tensor([-7.4500]),tensor([-0.0732]),tensor([0.6064]),tensor([0.9415]),tensor([0.8352]),tensor([-0.6674]),tensor([1.3251]),tensor([0.0410]),tensor([-0.5538]),tensor([0.2724]),tensor([-2.1872]),tensor([0.1496]),tensor([0.9460]),tensor([0.8440]),tensor([1.2665]),tensor([-0.1525]),tensor([0.7706]),tensor([1.4194]),tensor([-5.3662]),tensor([1.2095]),tensor([1.3172]),tensor([-0.6814]),tensor([-0.1190]),tensor([0.6128]),tensor([1.0034]),tensor([-3.3270]),tensor([-2.2635]),tensor([0.4946]),tensor([0.4140]),tensor([0.6969]),tensor([-1.0808]),tensor([0.6861]),tensor([-0.9482]),tensor([0.6865]),tensor([0.7577]),tensor([0.9485]),tensor([0.7192]),tensor([0.1931])
tensor([0.5273]),tensor([1.6026]),tensor([0.7295]),tensor([1.7121]),tensor([1.2910]),tensor([0.9963]),tensor([0.5350]),tensor([1.0133]),tensor([0.2076]),tensor([0.0995]),tensor([0.3182]),tensor([-3.1472]),tensor([1.1102]),tensor([1.2228]),tensor([1.0558]),tensor([1.4618]),tensor([1.4229]),tensor([1.2410]),tensor([-4.1161]),tensor([-2.4175]),tensor([1.2681]),tensor([0.2241]),tensor([0.7635]),tensor([-3.3233]),tensor([-2.6560]),tensor([1.0306]),tensor([1.3534]),tensor([1.8981]),tensor([0.3879]),tensor([1.7200]),tensor([0.7305]),tensor([1.1957]),tensor([1.7378]),tensor([0.8658]),tensor([1.3098]),tensor([-1.8661]),tensor([-5.8501]),tensor([0.7598]),tensor([0.4594]),tensor([1.0018]),tensor([0.2373]),tensor([-0.2776]),tensor([0.3953]),tensor([-3.7766]),tensor([-9.5249]),tensor([0.9300]),tensor([-3.7055]),tensor([1.7353]),tensor([-2.6547]),tensor([-3.0048]),tensor([0.6996]),tensor([0.8351]),tensor([0.8432]),tensor([1.2724]),tensor([-1.1458]),tensor([-0.1295]),tensor([1.8257]),tensor([0.1248]),tensor([1.6364]),tensor([0.5610]),tensor([-3.6742]),tensor([1.3330]),tensor([1.4992]),tensor([0.5558])
